,Year,Africa Eastern and Southern,Afghanistan,Africa Western and Central,Angola,Albania,Andorra,Arab World,Argentina,Armenia,Antigua and Barbuda,Australia,Austria,Azerbaijan,Burundi,Belgium,Benin,Burkina Faso,Bangladesh,Bulgaria,Bahrain,"Bahamas, The",Bosnia and Herzegovina,Belarus,Belize,Bolivia,Brazil,Barbados,Brunei Darussalam,Bhutan,Botswana,Central African Republic,Canada,Central Europe and the Baltics,Chile,China,Cote d'Ivoire,Cameroon,"Congo, Dem. Rep.","Congo, Rep.",Colombia,Comoros,Cabo Verde,Costa Rica,Caribbean small states,Cuba,Cyprus,Czechia,Germany,Djibouti,Dominica,Denmark,Dominican Republic,Algeria,East Asia & Pacific (excluding high income),Early-demographic dividend,East Asia & Pacific,Europe & Central Asia (excluding high income),Europe & Central Asia,Ecuador,"Egypt, Arab Rep.",Euro area,Eritrea,Estonia,Ethiopia,European Union,Fragile and conflict affected situations,Finland,Fiji,France,Gabon,Georgia,Ghana,Guinea,"Gambia, The",Guinea-Bissau,Equatorial Guinea,Greece,Grenada,Guatemala,Guyana,Honduras,Heavily indebted poor countries (HIPC),Croatia,Haiti,Hungary,IBRD only,IDA & IBRD total,IDA total,IDA blend,Indonesia,IDA only,India,Ireland,"Iran, Islamic Rep.",Iraq,Iceland,Israel,Italy,Jamaica,Jordan,Japan,Kazakhstan,Kenya,Kyrgyz Republic,Cambodia,Kiribati,"Korea, Rep.",Kuwait,Latin America & Caribbean (excluding high income),Latin America & Caribbean ,Least developed countries: UN classification,Low & middle income,Late-demographic dividend,Middle East & North Africa,Middle income,Middle East & North Africa (excluding high income),North America,OECD members,Other small states,Pre-demographic dividend,"Korea, Dem. People's Rep.",Pacific island small states,Post-demographic dividend,South Asia,El Salvador,Sub-Saharan Africa (excluding high income),Sub-Saharan Africa ,Small states,Eswatini,Chad,East Asia & Pacific (IDA & IBRD countries),Europe & Central Asia (IDA & IBRD countries),Latin America & the Caribbean (IDA & IBRD countries),Middle East & North Africa (IDA & IBRD countries),South Asia (IDA & IBRD),Sub-Saharan Africa (IDA & IBRD countries),British Virgin Islands,World,Kosovo
0,1960,,357.3,,,,,,,,86.3,24.8,42.9,,,33.8,309.2,346.0,262.0,55.4,197.7,,,,,290.7,169.6,84.5,122.5,,166.4,278.2,32.6,,157.1,,318.3,278.6,,193.8,134.9,,181.8,96.0,,54.0,,,,,138.4,25.0,147.2,240.8,,,,,,174.7,317.8,,,,,,,26.8,78.7,28.5,223.2,,208.3,349.5,361.8,,,46.0,101.5,221.9,92.0,208.6,,,290.4,54.1,,,,,223.9,,242.8,35.3,,190.6,21.5,42.0,52.0,82.2,155.2,39.7,,197.2,,,199.2,111.9,141.9,,,,,,,,,,,,,,,,,184.8,,,,208.9,,,,,,,,83.6,,
1,1961,,351.7,,,,,,,,80.4,24.3,40.2,,,32.4,304.4,342.2,256.0,49.0,181.1,,,,,284.4,165.2,78.4,110.1,,161.0,273.2,31.5,,148.5,,310.4,272.5,,186.2,130.5,,179.7,93.3,,52.1,,,,,125.9,24.4,146.1,240.8,,,,,,169.5,307.8,,,,,,,25.2,75.1,27.0,216.6,,206.1,347.3,354.6,,,45.2,93.4,216.4,88.2,201.5,,,285.8,51.2,,,,,217.7,,239.3,33.8,,179.9,21.1,39.6,49.9,78.8,146.3,36.2,,189.1,,,194.3,106.5,132.4,,,,,,,,,,,,,,,,,180.9,,,,205.5,,,,,,,,79.0,,
2,1962,,345.8,,,,,,,,74.0,23.7,37.9,,,31.1,299.4,338.3,250.2,44.2,165.8,,,,,278.1,160.8,73.2,98.3,,156.3,268.0,30.5,,141.9,,302.5,267.6,,179.3,126.2,,177.4,92.5,,50.2,,,,,114.5,23.8,144.5,241.4,,,,,,164.7,297.7,,,,,,,23.8,71.8,25.7,210.0,,204.5,344.8,347.2,,,44.0,85.6,211.1,85.0,194.9,,,281.3,49.1,,,,,211.8,,236.1,32.5,,169.8,20.7,37.3,47.6,75.5,138.0,32.9,,182.1,,,188.7,101.8,123.2,,,,,,,,,,,,,,,,,177.1,,,,202.1,,,,,,,,74.3,,
3,1963,,340.2,,,,,,,,67.4,23.2,35.9,,,30.0,294.3,334.8,245.1,40.7,151.4,,,,,272.0,156.7,68.7,88.0,,151.9,262.9,29.4,,135.6,,294.8,263.1,,172.8,122.3,,175.0,92.5,,48.3,,,,,104.2,23.0,142.6,242.3,,,,,,160.3,287.6,,,,,,,22.5,68.7,24.5,203.7,,203.4,342.2,340.4,,,42.4,78.5,205.9,82.2,188.4,,,276.9,47.6,,,,,206.0,,233.2,31.3,,160.6,20.3,35.4,45.3,72.6,130.1,29.8,,176.2,,,182.8,96.9,114.6,,,,,,,,,,,,,,,,,173.5,,,,198.3,,,,,,,,69.6,,
4,1964,,334.8,,,,,,,,60.8,22.7,34.2,,241.2,28.9,289.1,331.5,240.5,38.5,138.0,,,,,266.0,152.8,64.6,79.5,,147.9,257.5,28.2,,126.9,,287.4,258.3,,166.6,118.5,,172.3,92.0,,46.4,,,,,94.9,22.1,140.3,243.4,,,,,,156.1,278.6,,,,,,,21.3,65.8,23.4,197.4,,202.6,339.5,333.8,,,40.9,72.5,200.9,79.9,182.0,,,272.3,46.2,,,,,200.3,,230.4,30.0,,152.1,19.8,33.6,43.1,69.8,122.9,27.0,,171.1,,,176.4,92.0,106.5,,,,,,,,,,,,,,,,,170.0,,,,194.5,,,,,,,,65.0,,
5,1965,,329.4,,,,,,,,54.5,22.4,32.7,,243.3,27.9,283.9,328.7,236.6,37.4,125.4,,,,,259.9,149.2,61.1,72.9,,144.3,251.7,27.1,,115.4,,280.0,252.7,,160.9,114.9,,169.1,90.2,,44.6,,,,,86.4,21.1,137.8,244.3,,,,,,152.4,270.5,,,,,,,20.2,63.2,22.3,191.4,,202.2,337.0,327.2,,,39.6,67.8,195.9,78.2,175.7,,,268.0,44.6,,,,,229.0,,227.8,28.6,,144.3,19.2,32.2,41.1,67.2,116.3,24.6,,166.9,,,170.0,86.9,98.9,,,,,,,,,,,,,,,,,166.6,,,,190.5,,,,,,,,60.6,,
6,1966,,323.9,,,,,,,,48.6,22.1,31.5,,245.1,27.0,278.9,325.8,233.5,37.1,114.0,,,,,253.8,145.8,58.0,68.0,,140.8,246.3,26.0,,103.8,,272.9,246.1,,155.4,111.4,,165.3,87.7,,42.9,,,,,78.7,20.0,135.0,245.0,,,,,,148.8,263.5,,,,247.9,,,19.2,61.1,21.4,185.5,,202.2,333.9,320.8,,,38.5,64.3,191.0,76.8,169.6,,,263.3,43.2,,,,,188.7,,225.3,27.1,,137.2,18.5,31.2,39.3,64.8,110.2,22.7,,163.3,,,163.6,81.7,91.9,,,,,,,,,,,,,,,,,163.1,,,,186.6,,,,,,,,56.6,,
7,1967,,318.4,,,,,,,,43.3,22.0,30.5,,246.7,26.2,273.9,323.2,231.2,36.7,103.3,,,,110.5,247.6,142.6,55.3,64.0,,136.9,240.4,25.0,,94.0,,265.8,238.2,,150.1,108.0,,161.1,84.9,,41.2,,,,,71.7,19.0,132.2,245.3,,,,,,145.8,258.0,,,,247.2,,,18.4,59.4,20.6,179.8,,202.6,331.1,314.3,,,37.4,61.6,185.9,75.6,163.6,,,258.5,42.0,,,,,183.0,,222.7,25.5,,130.4,17.9,30.3,37.8,62.5,104.4,21.0,,160.1,,,157.3,76.4,85.7,,,,,,,,,,,,,,,,,159.9,,,,182.6,,,,,,,,53.0,,
8,1968,,312.8,,,,,,,,38.8,21.9,29.7,,248.4,25.5,269.2,320.7,229.6,35.6,93.5,29.4,,,106.1,241.6,139.4,52.8,60.7,290.5,132.8,235.0,24.0,,86.7,,258.6,229.6,,145.2,104.6,,156.5,81.9,,39.5,,,27.1,,65.4,18.1,129.4,244.6,,,,,,142.8,253.5,,,,246.7,,,17.6,58.1,19.9,174.4,,202.9,327.9,307.7,,,36.0,59.4,180.9,74.9,157.6,,,253.6,40.9,,,,,177.2,,220.2,24.1,,124.3,17.2,29.6,36.4,60.2,99.1,19.6,,157.0,,,151.5,71.1,80.0,,,,,,,,,,,,,,,,,156.7,,,,178.4,,,,,,,,49.8,,
9,1969,,307.2,,,,,,72.4,,34.9,21.7,29.3,,249.8,24.8,264.6,318.3,228.6,33.9,84.4,29.9,,,101.6,235.4,136.0,50.3,57.5,281.2,128.4,229.7,23.0,,82.1,118.8,251.6,220.7,250.7,140.7,101.1,,151.1,78.5,,37.8,,,26.4,,59.7,17.4,126.5,242.6,,,,,,139.9,249.7,,,,246.7,,,16.8,57.2,19.1,169.0,,203.0,325.0,301.3,,,33.8,57.7,175.8,74.2,151.8,,,248.6,39.8,,,,,171.6,,217.5,23.0,,118.6,16.6,29.1,35.1,58.0,94.2,18.5,,153.8,,,145.9,66.0,74.9,,,,,,,,,,,,,,,,,153.4,,,,174.1,,,,,,,,47.0,,
10,1970,,301.9,,,,,,71.7,,31.7,21.5,29.0,,250.6,24.0,260.0,315.5,273.1,32.3,76.2,30.4,,,97.5,229.1,132.6,47.9,54.0,272.5,123.7,224.6,22.0,,79.9,112.8,244.4,212.2,247.4,136.5,97.5,231.7,145.2,74.8,,36.1,,,25.6,,54.5,16.6,123.5,239.2,,,,,,137.0,246.3,,,,246.3,,,16.1,56.6,18.2,163.9,,202.6,321.7,294.6,,,31.1,56.1,170.7,73.8,146.0,,,243.5,38.6,,,,,166.0,,214.5,22.2,,113.1,16.0,28.6,33.6,55.9,89.5,17.5,,150.5,,,140.8,61.3,70.2,,,,,,,,,,,,,,,,,150.0,,,,169.7,,,,,,,,44.7,,
11,1971,,296.4,,,,,,70.9,,29.0,21.0,28.7,,250.9,23.1,255.4,312.2,373.2,31.1,68.8,30.9,,,93.5,222.7,129.4,45.5,50.1,264.4,119.2,219.8,20.9,,78.8,107.1,236.9,204.9,244.2,132.6,93.9,225.7,138.7,70.1,,34.5,38.2,,24.9,,49.8,15.8,120.1,234.1,,,,,,133.5,242.6,,,,246.0,,,15.4,56.3,17.4,158.9,,201.3,318.5,288.2,,,28.9,54.5,165.6,73.5,140.4,,,238.5,38.0,,,,,160.6,,211.4,21.7,188.8,108.0,15.4,28.1,31.9,53.7,85.1,16.5,85.2,147.0,,,136.2,57.1,65.9,,,,,,,,,,,,,,,,,146.7,,,,164.8,,,,,,,,42.7,,
12,1972,,290.7,,,,,,69.7,,26.8,20.3,28.1,,316.3,22.0,250.8,307.5,227.5,30.2,62.2,31.3,,,89.6,216.3,126.0,43.1,45.9,256.2,114.5,215.4,19.9,,77.8,101.4,229.0,199.1,240.7,129.1,90.1,219.9,132.1,64.6,,32.9,35.4,,24.0,,45.6,14.9,116.5,228.0,,,,,,129.6,238.1,,,,245.5,,,14.6,56.0,16.6,154.1,,199.1,315.4,281.7,,,27.9,52.9,160.5,73.4,134.9,,,233.3,38.3,,,,,155.4,,208.1,21.4,179.7,103.2,14.8,27.7,29.8,51.6,81.0,15.7,83.2,143.3,,,132.2,53.6,61.9,,,,,,,,,,,,,,,,,143.2,,,,159.6,252.8,,,,,,,40.9,,
13,1973,,285.2,,,,,,68.2,,25.0,19.4,26.9,,251.2,20.8,246.0,301.2,226.9,29.5,56.4,31.5,,,85.9,209.9,122.6,40.8,41.7,247.9,110.1,211.0,18.9,,75.5,95.9,220.7,194.8,237.0,125.7,86.2,214.3,125.4,58.3,,31.4,33.0,,23.1,,41.8,13.9,112.7,220.8,,,,,,125.1,232.5,,,,245.2,,,13.9,55.7,15.9,149.4,,195.8,311.9,275.0,,,27.6,51.3,155.5,73.2,129.5,,,227.8,38.7,,,,,150.4,,204.4,21.1,171.0,98.6,14.2,27.2,27.6,49.7,77.2,14.8,81.2,139.5,,,129.1,50.6,58.2,,,,,,,,,,,,,,,,,139.4,,,,154.0,251.4,,,,,,,39.4,,
14,1974,,279.6,,,,,,66.2,,23.5,18.4,25.2,,251.1,19.6,241.1,293.5,225.6,29.0,51.4,31.6,,,82.4,203.4,119.3,38.6,37.6,239.7,105.3,207.2,17.9,,71.1,90.3,212.0,192.2,233.4,122.7,82.2,208.8,118.6,51.7,,29.9,30.5,,22.0,,38.4,13.1,108.7,212.6,,,,,,120.1,225.3,,216.2,,244.8,,,13.1,55.1,15.4,144.7,,191.6,308.4,268.5,,,27.3,49.6,150.5,73.0,148.9,,,222.4,37.9,,,,,145.6,,200.3,20.6,162.3,94.2,13.5,26.5,25.3,47.8,73.5,14.0,79.4,135.6,,,126.7,48.1,54.6,,,,,,,,,,,,,,,,,135.3,,,,148.2,249.8,,,,,,,38.1,,
15,1975,,274.0,,,,,,63.4,,22.1,17.3,23.1,,250.6,18.5,236.0,284.4,223.8,28.6,47.0,31.5,,,79.2,197.0,115.8,36.4,33.8,232.1,99.9,203.5,16.9,,64.3,84.8,203.4,190.7,229.6,119.8,78.1,203.3,112.2,45.3,,28.4,27.8,,20.8,,35.4,12.3,104.7,203.7,,,,,,114.8,216.7,,211.5,,244.2,,,12.3,54.1,15.0,140.3,71.1,186.7,304.4,261.8,,,26.4,47.8,145.6,72.8,119.0,,,216.8,35.4,,,,,141.0,,195.9,20.0,153.5,90.0,12.9,25.3,23.1,46.0,70.0,13.3,77.9,131.4,,311.4,125.0,45.9,51.2,,,,,,,,,,,,,,,,,130.9,,,,142.2,248.4,,,,,,,36.9,,
16,1976,,268.3,,,,,,59.9,86.9,20.8,16.2,21.0,,249.2,17.6,230.9,274.3,221.3,28.0,43.2,31.2,,,76.1,190.8,112.3,34.3,30.4,224.4,93.9,200.0,16.0,,56.5,79.5,195.0,189.7,225.9,117.1,74.0,197.6,106.3,39.3,,27.0,24.8,,19.6,172.7,32.6,11.6,100.8,194.1,,,,,,109.5,207.3,,207.0,,243.8,,,11.4,52.8,14.5,135.8,68.6,181.4,300.3,255.1,,,25.2,46.0,161.8,72.4,113.9,,,211.4,32.2,,,,,136.6,,190.9,19.1,144.3,86.0,12.2,23.7,21.1,44.4,66.7,12.5,76.6,127.1,,286.3,123.7,44.1,47.9,,,,,,,,,,,,,,,,,126.3,,,,136.4,246.9,,,,,,,35.7,,
17,1977,,262.4,,,,,,55.7,83.4,19.5,15.2,19.4,,246.2,16.7,226.0,264.2,218.1,27.2,39.9,30.8,,,73.2,184.7,108.7,32.3,27.4,216.5,88.0,196.8,15.1,,48.8,74.5,187.2,188.3,222.3,114.4,69.8,192.1,101.0,33.9,,25.7,22.2,,18.3,167.9,30.2,11.1,97.1,184.3,,,,,,104.7,197.5,,203.0,,243.2,,,10.6,51.0,13.9,131.5,66.1,176.5,295.8,248.5,,,23.8,44.0,136.1,72.0,109.0,,,206.1,29.4,,,,,132.5,,185.6,18.0,135.0,82.3,11.5,21.9,19.5,42.8,63.5,11.8,75.3,122.8,,261.4,122.7,42.2,44.8,,,,,,,,,,,,,,,,,121.4,,,,130.4,245.4,,,,,,,34.5,,
18,1978,,256.4,,,96.4,,,51.2,80.0,18.3,14.4,18.1,,240.7,15.9,221.2,255.0,214.3,26.1,37.0,30.4,,,70.3,179.0,104.7,30.4,24.8,208.7,82.6,193.5,14.2,,42.0,70.1,180.2,186.2,218.7,111.7,65.8,186.4,96.5,29.5,,24.4,20.5,,17.1,163.1,28.0,10.6,93.6,173.8,,,,,,100.1,187.6,,199.3,,242.5,,,9.9,49.0,13.3,127.4,63.7,172.4,291.0,242.1,,,22.4,42.1,131.3,71.4,104.1,,,200.8,27.0,,,,,128.5,,180.1,16.8,125.8,78.9,10.9,20.3,18.1,41.3,60.6,11.1,73.9,118.5,,234.2,121.7,40.3,41.8,,,,,,,,,,,,,,,,,116.4,,,,124.9,243.9,,,,,,,33.3,,
19,1979,,250.3,,,88.7,,,46.8,76.8,17.3,13.6,17.1,,233.0,15.2,216.6,246.9,210.0,24.9,34.5,29.9,,,67.5,173.7,100.6,28.6,22.6,201.4,77.6,190.6,13.3,,36.7,66.1,174.2,183.3,215.2,109.1,61.9,180.7,92.8,26.4,,23.2,19.4,,16.0,158.5,31.4,10.3,90.2,162.5,,,,,,95.6,177.9,,196.0,,241.4,,,9.2,46.8,12.8,123.2,61.4,169.3,286.2,235.9,,,20.9,40.1,126.7,70.9,99.4,,,195.6,25.1,,,,,124.6,,174.5,15.6,116.7,75.7,10.3,19.1,17.0,39.9,57.9,10.5,72.4,114.4,,206.3,120.5,38.3,38.9,,,,,,,,,,,,,,,,,111.1,,,,119.3,242.1,,,,,,,32.0,,
20,1980,,243.8,,238.9,81.3,,,42.9,73.7,16.3,13.0,16.2,,224.0,14.6,212.3,239.8,205.3,23.8,32.3,29.4,,21.1,64.9,168.7,96.3,26.9,20.6,193.8,73.2,188.1,12.5,,33.0,62.7,169.2,179.1,212.0,106.8,58.2,175.0,90.1,24.4,,22.1,18.8,,15.0,154.3,24.5,10.0,86.9,149.9,,,,,,91.3,168.3,,193.0,22.5,239.4,,,8.7,44.5,12.4,119.3,59.3,167.0,281.3,229.5,,,19.4,38.1,122.1,70.3,94.9,,,190.6,23.6,,,,,120.8,,169.0,14.3,107.9,72.7,9.7,18.1,16.1,38.5,55.2,9.9,70.6,110.7,,180.5,119.0,36.2,36.0,,,,,,,,,,,,,,,,,125.0,,,,113.9,240.2,,,,,,,30.7,,
21,1981,,237.3,,236.1,74.8,,,39.4,70.7,15.5,12.5,15.5,,213.7,13.9,208.1,233.8,200.3,22.9,30.4,29.0,,20.2,62.3,164.0,92.0,25.5,19.0,186.2,69.3,185.9,11.8,,29.9,59.9,165.0,173.9,208.9,104.2,54.7,169.4,88.1,23.4,,21.0,18.3,15.4,14.1,149.9,23.0,9.8,83.7,135.3,,,,,,86.9,158.7,,190.3,21.7,236.8,,,8.2,42.4,11.9,115.5,57.2,165.6,276.4,223.2,,,18.1,36.1,117.5,69.6,90.5,,23.6,185.4,22.5,,,,,117.1,,163.8,13.2,99.8,70.0,9.1,17.3,15.2,37.2,52.7,9.3,68.5,107.1,,158.0,117.4,33.9,33.0,,,,,,,,,,,,,,,,,100.5,,,,108.4,237.9,,,,,,,29.3,,
22,1982,,230.8,,233.5,69.0,,,36.5,67.8,14.8,12.2,14.8,110.0,202.8,13.3,204.1,228.6,195.0,22.2,28.7,28.6,,19.4,59.7,159.5,87.8,24.4,17.6,179.0,65.7,183.9,11.2,,27.0,57.7,161.5,167.8,205.8,101.6,51.5,163.8,86.5,22.9,,20.0,17.6,15.0,13.2,145.8,21.8,9.6,80.7,119.0,,,,,,82.3,148.9,,187.6,20.9,233.6,,,7.9,40.4,11.5,111.9,55.1,164.2,271.7,216.9,,200.3,17.1,34.2,134.6,69.0,86.2,,22.1,180.5,22.1,,,,,113.4,,159.0,12.4,92.5,67.5,8.7,16.6,14.3,36.0,50.3,8.8,66.3,104.0,,140.9,115.6,31.6,30.0,,,,,,,,,,,,,,,,,95.1,,,,102.9,235.3,,,,,,,27.8,,
23,1983,,224.2,,230.8,63.7,,,34.1,65.1,14.3,11.9,14.0,107.2,192.1,12.7,200.2,223.8,189.4,21.5,27.3,28.3,,18.7,57.1,155.1,84.0,23.4,16.5,171.8,62.4,182.4,10.6,,24.6,56.0,158.6,161.3,202.8,99.2,48.5,158.6,84.8,22.7,,19.0,16.3,14.7,12.5,141.5,20.7,9.6,77.8,102.3,,,,,,77.9,138.9,,184.7,20.2,229.8,,,7.6,38.5,11.1,108.6,53.3,162.1,267.0,210.4,,196.5,16.2,32.4,108.7,68.3,82.1,,20.8,175.6,21.9,,,,,109.8,,154.5,11.7,86.3,65.2,8.2,15.9,13.5,34.8,48.1,8.3,64.0,101.2,,129.8,113.5,29.2,27.3,,,,,,,,,,,,,,,,,89.9,,,,107.9,232.6,,,,,,,26.4,,
24,1984,,217.7,,228.5,58.9,,,32.1,62.6,14.0,11.6,13.3,104.7,182.8,12.2,196.3,219.3,183.6,20.7,26.1,28.1,29.4,18.1,54.5,150.5,80.4,22.6,15.5,164.8,59.3,181.2,10.1,,23.1,54.8,156.3,154.7,200.1,96.7,45.9,153.3,82.6,22.5,,18.1,14.8,14.4,11.8,137.5,19.7,9.6,75.0,87.2,,,,,,73.6,128.8,,181.7,19.5,225.8,,,7.4,36.9,10.7,105.5,51.8,159.1,262.3,203.8,,192.4,15.4,30.7,104.4,67.6,78.2,,19.4,170.9,21.9,,,,,106.1,,150.3,11.1,80.8,63.1,7.9,15.2,12.7,33.7,45.9,7.9,61.8,99.1,,123.3,111.2,26.9,24.9,,,,,,,,,,,,,,,,,84.8,,,,91.7,229.7,,,,,,,25.1,,
25,1985,,211.1,,226.6,54.8,17.5,,30.6,60.1,13.7,11.3,12.6,102.2,175.9,11.7,192.5,214.7,177.5,19.8,25.0,27.8,27.0,17.6,51.8,145.9,77.1,21.9,14.8,157.9,56.1,180.3,9.8,,22.4,54.1,154.6,148.6,197.7,94.3,43.6,148.4,79.6,22.0,,17.2,13.3,14.2,11.1,133.6,18.9,9.7,72.2,74.7,,,,,,69.5,118.9,,178.3,19.0,221.6,,,7.3,35.3,10.4,102.6,50.6,155.0,257.5,197.3,244.4,188.7,14.6,29.0,100.1,66.7,74.5,,18.2,166.3,21.6,,,,,102.5,,146.2,10.7,76.0,61.2,7.6,14.4,12.0,32.6,43.9,7.5,59.6,97.5,,119.8,108.6,24.6,23.0,,,,,,,,,,,,,35.1,,,,79.9,,,,86.5,226.7,,,,,,,23.8,,147.6
26,1986,,204.6,,225.5,51.1,16.5,,29.6,57.7,13.6,11.0,11.9,100.1,171.2,11.4,188.6,210.3,171.3,18.7,24.2,27.3,24.9,17.0,49.1,141.1,74.1,21.2,14.2,151.2,52.9,179.5,9.4,,22.2,53.8,153.5,143.4,195.4,92.3,41.5,143.6,75.7,21.2,,16.4,12.1,13.8,10.6,129.8,18.2,9.7,69.6,65.3,,,,,,65.8,110.0,,174.4,18.6,217.4,,,7.3,33.9,10.1,100.0,49.6,150.0,252.9,190.8,239.6,185.7,13.7,27.5,95.9,65.9,70.9,,17.0,161.9,20.9,,,,,98.8,,142.2,10.4,71.7,59.4,7.3,13.7,11.3,31.6,42.0,7.1,57.6,96.6,,117.6,105.7,22.4,21.5,,,,,,,,,,,,,34.7,,,,75.3,,,,81.6,223.8,,,,,,,22.6,,137.4
27,1987,,197.9,,224.7,47.9,15.6,,29.1,55.4,13.6,10.6,11.1,98.2,168.9,11.0,184.6,206.2,164.9,17.9,23.7,26.6,23.0,16.4,46.3,136.1,71.3,20.4,13.8,144.6,49.6,179.0,9.1,,21.9,53.8,152.8,139.3,193.2,91.0,39.7,139.1,71.4,20.1,,15.7,11.4,13.4,10.1,126.4,17.6,9.7,67.0,59.1,,,,,,62.5,102.2,,170.0,18.3,213.3,,,7.2,32.6,9.8,97.7,49.0,144.4,248.1,184.5,235.3,183.4,12.8,26.1,91.9,64.8,67.5,,15.8,157.5,19.7,,,,,95.2,,138.2,10.1,67.7,57.8,7.0,13.0,10.8,30.6,40.3,6.8,55.8,96.7,,116.7,102.5,20.4,20.2,,,,,,,,,,,,,35.2,,,,71.0,,,,77.2,220.9,,,,,,,21.5,,128.3
28,1988,,191.4,,224.0,45.2,14.7,,29.0,92.7,13.7,10.2,10.5,96.7,168.3,10.7,180.7,203.0,158.5,17.7,23.4,25.6,21.2,15.9,43.6,131.2,68.6,19.7,13.5,138.5,46.7,178.5,8.8,,21.3,53.9,152.7,136.8,190.9,90.3,38.2,134.8,67.0,18.9,,14.9,11.1,13.0,9.5,123.2,17.1,9.6,64.5,55.3,,,,,,59.5,95.7,,165.0,18.0,209.4,,,7.1,31.4,9.6,95.7,48.5,138.5,243.4,178.3,231.1,181.6,11.9,24.8,87.9,63.7,64.3,,14.7,153.2,18.5,,,,,91.5,,134.2,9.9,63.9,56.4,6.8,12.5,10.4,29.7,38.7,6.6,54.1,97.6,,116.3,99.0,18.6,18.9,,,,,,,,,,,,,36.8,,,,67.1,,,,73.4,217.9,,,,,,,20.6,,119.7
29,1989,,184.9,,223.7,42.8,13.9,,28.9,51.1,13.8,9.7,9.9,95.7,169.1,10.3,176.7,200.6,152.2,17.9,23.2,24.6,19.6,15.5,40.9,126.3,65.9,18.9,13.3,132.5,45.1,178.0,8.5,,20.4,53.9,153.0,135.8,188.6,90.3,36.8,130.6,63.2,17.8,,14.2,11.2,12.6,9.0,120.4,16.7,9.3,62.0,53.1,,,,,,56.7,90.3,,159.3,17.8,205.2,,,6.9,30.2,9.3,94.0,48.2,132.8,238.2,172.4,226.9,180.0,11.1,23.5,84.1,62.3,61.2,,13.7,149.0,17.6,,,,,87.7,,130.3,9.6,60.5,55.1,6.6,12.1,10.0,28.8,37.3,6.5,52.6,99.4,,116.3,95.3,17.0,17.5,,,,,,,,,,,,,39.5,,,,63.4,,,,70.3,214.9,,,,,,,19.8,,111.8
30,1990,165.832561519295,178.5,197.863116848408,223.5,40.8,13.1,82.0406654292245,28.8,48.9,14.1,9.2,9.5,95.3,170.3,10.0,172.7,199.1,146.0,18.4,23.0,23.5,18.1,15.2,38.4,121.5,63.2,18.1,13.3,126.7,45.3,177.4,8.2,19.316915288735,19.1,53.6,153.4,136.2,186.3,91.2,35.6,126.5,60.4,16.9,34.0067585628554,13.6,11.3,12.1,8.5,117.8,16.4,8.9,59.6,51.9,59.142491604435,109.88482629529,56.6,47.9674404490589,31.0,54.1,85.7,9.63731433477367,153.1,17.7,200.8,12.1422927022337,164.703591450325,6.7,29.1,9.0,92.4,47.9,127.7,232.7,166.5,222.8,178.5,10.4,22.3,80.4,60.9,58.3,181.561745996215,12.9,144.9,17.2,77.7811381265026,101.119649801971,160.701164159367,153.410366244818,84.0,164.336411762014,126.5,9.1,57.3,54.0,6.4,11.6,9.7,28.0,36.0,6.3,51.7,102.0,,116.3,91.6,15.6,18.0,57.5994693220183,54.9,175.505749839252,101.928282252571,50.5126780911676,66.2,92.4574251660967,69.5335651400913,10.9,21.8353137475721,95.872714325276,184.496761593206,43.4,36.4646977553387,10.7825159788559,130.2,60.0,178.748375509197,178.9,79.5651512991478,68.3,212.0,59.3089679217476,44.8474063561421,55.5922136184035,69.8496367018932,130.192304794676,178.737096694245,19.1,93.0,104.6
31,1991,164.161054739235,172.2,196.252780583923,223.5,39.1,12.4,79.6190207917295,28.3,46.9,14.4,8.7,9.1,95.5,171.8,9.7,168.6,198.3,139.7,18.9,22.7,22.4,16.8,15.2,36.1,116.7,60.4,17.4,13.3,121.0,47.3,176.8,8.0,18.6804728338982,17.6,53.1,153.8,137.9,184.0,92.9,34.4,122.5,58.7,16.2,32.902112162668,12.9,11.1,11.6,8.0,115.6,16.1,8.4,57.2,51.3,58.7250293755433,106.597691302431,55.4,47.7915138620557,30.4,51.4,81.5,9.26530071128159,146.1,17.5,195.9,11.610803613691,163.090103629,6.4,28.0,8.6,91.2,47.5,123.4,226.9,160.8,218.5,177.1,9.8,21.1,76.9,59.3,55.6,178.657103127173,14.0,140.8,16.8,77.3389255378761,101.346277837546,158.286718697092,152.662361414069,80.2,161.116173208403,122.9,8.6,54.5,52.9,6.2,11.1,9.3,27.2,34.8,6.2,51.5,104.9,,116.2,88.0,14.4,15.4,55.0967233715817,52.5,172.086648973286,102.201292270147,49.3111420240642,63.6,92.5045350421181,66.8993009351831,10.6,20.9412867244761,94.6711739843391,182.736304221551,48.6,35.3010225783948,10.4195441245966,126.4,56.7,177.108904836509,177.4,78.4941718595726,67.5,209.2,58.8522652054183,44.5803039979962,53.1316813847001,67.2188511823084,126.317118944947,177.097394194938,18.5,92.1,97.7
32,1992,162.695216656375,166.3,194.790096139107,223.6,37.6,11.7,76.7767380598464,27.6,44.8,14.7,8.2,8.6,95.9,172.9,9.3,164.6,198.0,133.4,19.2,22.1,21.4,35.5,15.3,34.0,112.1,57.4,16.7,13.2,115.6,50.8,176.2,7.7,18.1549351330149,16.2,52.1,154.1,140.2,181.9,95.1,33.2,118.7,57.9,15.7,31.9209112111373,12.3,10.7,11.0,7.6,113.7,16.0,7.9,54.8,50.8,57.3842063378418,103.621134181905,54.2,47.951335646028,30.0,48.8,77.4,8.80904459819071,138.5,17.3,190.6,11.0510815460432,161.49929986251,6.1,27.0,8.1,90.3,47.2,120.1,220.5,155.3,214.1,175.7,9.4,20.0,73.5,57.7,53.1,175.944928001969,11.5,136.6,15.8,75.8174095081125,100.231242606468,156.000458516095,151.918081498714,76.6,158.063995182071,119.5,8.1,51.9,51.9,6.0,10.5,8.9,26.5,33.7,6.1,51.8,107.6,,116.5,84.7,13.3,14.8,52.5617993748868,50.1,168.786277893392,101.085914785165,48.0859483336801,61.2,91.2473840478649,64.5748739592498,10.2,19.9697206633092,93.4942538303024,180.934792317143,54.8,34.2222831081311,10.090780203422,122.6,53.7,175.710214819702,175.8,77.4658818065772,68.6,206.4,57.4188866301638,44.6531426823455,50.68777024948,64.9017755022952,122.632873123366,175.699538421774,18.0,91.5,91.3
33,1993,161.379202446574,160.8,193.237227052167,223.7,36.3,11.1,74.3365160214649,26.5,42.8,15.1,7.7,8.0,96.0,194.2,8.8,160.7,197.4,127.1,19.3,21.1,20.4,35.0,15.5,32.1,107.4,54.3,16.0,13.1,110.3,55.4,175.6,7.4,17.5971104563141,15.0,50.8,154.2,142.7,179.8,98.0,32.1,115.0,57.7,15.4,31.0278861488579,11.8,10.2,10.3,7.2,112.1,15.9,7.4,52.4,50.2,55.8347198413862,100.647288494014,52.7,47.9337069095217,29.5,46.1,73.2,8.34426469381615,130.5,17.0,184.6,10.5341057897541,160.007938543407,5.8,26.0,7.6,89.4,46.7,117.8,213.9,149.7,209.6,174.4,9.1,19.0,70.3,56.1,50.8,173.359572573064,10.9,132.4,14.5,73.9756497250408,98.8452395381987,153.876984814673,151.332312053644,73.0,155.151296873897,116.2,7.7,49.7,51.0,5.8,9.9,8.5,25.7,32.6,6.0,52.3,109.7,,117.3,81.8,12.2,14.5,50.0227300624645,47.8,165.543752003682,99.7016420524547,46.7323481851487,58.9,89.6507297442681,62.2829501774913,9.9,19.172238042461,93.3093715253789,179.118533983127,61.3,33.1932553712265,9.63819420355256,119.1,50.7,174.35135900367,174.5,77.0682755446955,71.5,203.7,55.7581832169387,44.5728858005927,48.2637453003086,62.6147602574013,119.149172985556,174.340579523728,17.5,90.3,85.2
34,1994,161.983963117422,155.5,191.381598817992,223.3,35.0,10.5,72.2031885489823,25.4,40.9,15.5,7.3,7.4,95.5,173.3,8.2,156.9,196.5,120.9,19.1,19.7,19.4,26.1,15.7,30.4,102.8,51.1,15.5,12.8,105.2,60.4,175.0,7.2,17.0388215167672,13.9,49.2,153.9,145.0,177.8,101.4,31.0,111.7,57.5,15.1,30.2415689478513,11.3,9.6,9.4,6.8,110.7,15.8,6.9,50.2,49.4,54.1095369738078,98.4384717343078,50.9,47.1873851810635,28.9,43.5,68.9,7.81835752453408,122.5,16.4,178.1,9.9904009982099,157.628077206294,5.5,25.2,7.0,89.0,46.1,116.1,207.0,144.1,205.0,173.0,8.8,18.1,67.2,54.6,48.6,172.350421733361,10.4,128.2,13.3,72.0156859531087,97.4871591427592,152.244643946271,150.183814930123,69.5,153.276895395451,112.8,7.4,47.7,50.0,5.5,9.2,8.0,25.0,31.7,5.9,52.9,110.8,,118.4,79.2,11.3,14.4,47.4744903371705,45.4,163.486119076261,98.3557841513487,45.1250531628794,56.7,87.9405243238105,60.1799865389028,9.6,18.3075598372492,93.5545580248927,176.323258254007,67.7,32.3329799524295,9.18779875479499,115.6,47.7,173.987448095633,174.3,77.1684629864344,76.6,201.2,53.9127678857952,43.8284708433719,45.8469025946481,60.5204735056609,115.570282490589,173.976721343289,17.1,89.2,79.4
35,1995,156.580561402565,150.6,189.017342688311,222.4,33.8,9.9,70.167265400947,24.3,39.0,15.7,7.0,6.8,94.2,172.4,7.6,153.3,194.8,114.7,19.1,18.1,18.5,14.0,15.7,28.9,98.3,48.0,15.2,12.4,100.2,65.7,174.3,6.9,16.3545589801,13.1,47.4,153.3,146.7,175.9,104.9,29.9,108.7,56.7,14.9,29.419173019173,10.8,9.0,8.5,6.5,109.3,15.8,6.5,48.0,48.5,52.2714789927729,94.6631099845118,49.2,46.2591485567061,28.1,40.8,64.6,7.34437328252974,114.7,15.7,171.4,9.37612777726465,155.729592253822,5.2,24.5,6.5,88.6,45.2,114.6,200.0,138.8,200.1,171.3,8.5,17.4,64.3,53.1,46.5,166.417979470575,10.0,123.9,12.5,70.0125464773044,95.337172805057,148.300326366554,148.649857164843,66.3,148.125929118574,109.4,7.3,45.7,49.1,5.3,8.6,7.5,24.2,30.8,5.7,52.7,110.9,,119.5,77.0,10.5,14.3,45.050347374346,43.1,157.889732106154,96.1759762918699,43.4560934670776,54.5,86.0440254708478,58.0398943127111,9.2,17.4947173360224,94.0366791962106,173.659725338443,72.8,31.5500431654676,8.74452858964384,111.9,44.9,169.792776033328,170.1,77.307045682063,83.5,198.8,51.9668856097585,43.0456239816818,43.5701563373446,58.3835863929892,111.934602442291,169.783345367266,16.8,87.3,73.8
36,1996,153.998650706914,146.0,186.251978524658,220.9,32.5,9.4,68.0527617353526,23.2,37.2,16.0,6.8,6.3,91.9,170.5,7.1,149.9,192.3,108.6,19.3,16.6,17.7,12.2,15.5,27.6,93.7,45.0,14.9,12.0,95.3,65.6,173.3,6.7,15.5339703800213,12.5,45.5,152.2,147.9,173.6,108.5,28.8,105.9,54.6,14.7,28.807175514351,10.4,8.5,7.7,6.2,107.9,15.9,6.3,46.0,47.3,50.3947365165679,91.7004288883172,47.4,44.7315041427474,26.9,38.2,60.5,6.92135574249027,107.5,14.8,164.9,8.81756640017061,153.041173214801,4.9,23.9,6.1,88.2,44.1,112.7,193.0,133.5,195.0,169.1,8.1,16.7,61.6,51.7,44.6,162.890218271966,9.6,119.7,11.9,67.9228915320448,93.4236790724215,145.281863567656,146.534404000458,63.1,144.656107845875,106.0,7.3,43.8,48.2,5.1,8.2,7.0,23.5,30.0,5.5,51.7,110.0,,120.1,75.0,9.7,14.1,42.7082147257521,40.9,154.143849192408,94.2636019494487,41.6027784364885,52.1,84.0784888356005,55.6957163733611,9.0,16.6449147540296,93.6018410241286,170.68062747366,75.7,30.8972380357113,8.37675410454386,108.3,42.2,167.159076272868,167.2,77.1564980354198,90.7,196.4,50.0142643264382,41.5644874566024,41.3337593937112,56.0370875750597,108.307181637145,167.150010254403,16.5,85.5,68.3
37,1997,151.260901621137,141.6,182.656794500028,218.2,31.2,8.9,66.0017315897126,22.2,35.5,16.1,6.6,6.0,88.7,167.7,6.6,146.5,189.3,102.7,19.4,15.2,17.0,11.5,15.1,26.5,89.2,42.2,14.8,11.5,90.5,69.4,172.0,6.5,14.7676459708756,12.2,43.5,150.6,148.5,171.0,111.7,27.8,103.2,51.4,14.5,28.0681439598172,9.9,8.0,7.0,5.9,106.3,16.1,6.0,44.2,46.0,48.4440259663957,88.8054256968513,45.5,42.9943420849399,25.6,35.7,56.6,6.55940715834653,101.0,13.9,158.5,8.32996057344111,149.732479744263,4.7,23.4,5.8,87.7,42.7,110.5,186.1,128.3,190.0,166.5,7.7,16.2,59.0,50.4,42.7,159.104424275491,9.3,115.5,11.5,65.777084137106,91.2762343097425,141.818821810757,143.894823280056,60.2,140.78580399682,102.5,7.3,41.9,47.2,4.8,7.8,6.6,22.8,29.1,5.2,50.0,108.4,,119.5,73.1,9.1,13.8,40.4473846129385,38.8,149.95294696282,92.0929828814536,39.7081809929666,49.9,81.9293229075475,53.5376989341238,8.7,15.796700153916,93.486153569748,167.083883449831,75.7,30.3034681982989,8.03349562491726,104.6,39.7,164.126221645833,164.1,76.9764902734946,97.3,193.6,48.0384211806109,39.8898219354657,39.2153108204045,53.8726074810543,104.613731897283,164.118025908528,16.3,83.5,63.1
38,1998,147.410842670347,137.3,178.628626755788,214.6,29.9,8.4,63.9707750404745,21.3,33.8,16.0,6.4,5.8,84.6,163.9,6.3,143.3,186.0,96.9,19.0,14.0,16.6,10.9,14.5,25.4,84.6,39.5,14.8,11.1,85.9,71.8,170.4,6.4,13.9215722262169,11.9,41.4,148.5,148.1,167.8,113.9,26.8,100.8,47.1,14.1,27.4584888658203,9.5,7.5,6.3,5.7,104.7,16.3,5.9,42.6,44.7,46.3831091148774,85.762334199106,43.5,41.003566256962,24.2,33.4,53.0,6.27299214195515,95.2,12.9,152.4,7.89662285292525,146.148368382199,4.6,23.0,5.6,86.9,41.1,107.5,179.3,123.3,185.0,163.3,7.3,15.9,56.6,49.1,64.2,155.078388539572,8.9,111.5,11.1,63.5403510424925,88.9311253016385,138.13277901318,140.835231337936,57.4,136.784242027523,98.9,7.3,40.0,46.3,4.5,7.4,6.2,22.2,28.4,5.0,47.8,105.9,,117.6,71.4,8.5,13.5,38.8932494000574,37.4,145.471015272152,89.7121397781503,37.7483641041482,47.8,79.6721942729876,51.30041794045,8.6,15.0519527773041,92.854913494339,162.992945821375,72.9,29.7611531110998,7.80013061301189,100.9,37.3,160.271913169514,160.3,76.5650888537698,103.3,190.8,45.9859293946359,38.0442922980776,37.7169809273686,51.6234775105726,100.869040915015,160.264190032774,16.1,81.4,58.1
39,1999,142.992355070727,133.3,174.080193051913,210.3,28.5,8.0,62.0263499825706,20.4,32.2,15.8,6.3,5.6,79.7,159.4,6.1,140.1,182.5,91.3,18.2,13.1,16.3,10.3,13.7,24.5,80.0,37.0,15.0,10.7,81.4,73.0,168.4,6.3,13.072457739522,11.5,39.1,145.9,146.7,164.2,114.7,25.9,98.6,42.5,13.6,26.9160825522069,9.2,7.0,5.8,5.5,102.7,16.6,5.7,41.2,43.2,44.2056386359135,82.5016217659493,41.5,38.8715379137806,22.8,31.4,49.7,6.05016026728299,90.1,11.9,146.5,7.50658160749086,142.582913015014,4.4,22.8,5.5,85.9,39.1,104.0,172.4,118.4,179.7,159.5,6.9,15.6,54.3,47.9,39.2,149.953401503275,8.6,107.5,10.7,61.1960967464262,86.3636021044889,133.899450001869,137.622110806583,54.7,132.032747921927,95.3,7.3,38.1,45.4,4.3,7.2,5.9,21.5,27.6,4.7,45.3,102.7,,113.3,69.6,8.0,13.1,36.2925776062715,34.9,140.658652213207,87.0995149519417,35.6787465693041,45.7,77.189249864333,49.087643982077,8.4,14.3471693622567,91.4151570515191,158.488118101081,67.4,29.2637409272326,7.5361528425654,97.1,35.1,155.881408585539,155.9,75.7178758554625,108.1,187.6,43.8612383762826,36.0414094236035,35.248791348995,49.3947907759354,97.144522476259,155.873991533529,15.9,79.0,53.3
40,2000,138.180234738639,129.3,169.207126206289,205.1,27.2,7.6,59.9994117704343,19.7,30.7,15.5,6.2,5.5,74.6,154.6,5.9,136.8,178.7,86.1,17.4,12.5,16.3,9.9,12.8,23.6,75.6,34.7,15.2,10.3,77.1,74.0,166.1,6.2,12.2923528172982,10.9,36.7,142.9,144.4,160.1,113.5,25.1,96.4,38.1,13.1,26.4652724389961,8.8,6.5,5.5,5.4,100.6,16.9,5.6,40.0,41.7,41.7641552227894,79.3623779991633,39.3,36.3450532178612,21.3,29.6,46.7,5.84838310172077,85.5,11.0,140.5,7.1730064993375,138.674246936044,4.3,22.6,5.4,84.5,36.8,100.1,165.6,113.7,174.5,155.5,6.4,15.4,52.1,46.6,37.5,144.692819491729,8.3,103.9,10.1,58.575951979537,83.2251061098992,129.512235437597,134.212700126068,52.2,127.146791998907,91.6,7.1,36.1,44.4,4.0,6.9,5.6,20.9,26.8,4.5,42.6,98.8,,106.3,67.9,7.5,12.8,34.4995562415681,33.2,135.498955866593,83.9128112139726,33.5914079872899,43.6,74.273077378958,46.8391131034715,8.3,13.5988514438119,89.893153502801,153.542046321897,60.0,28.8161496411564,7.28433588970765,93.4,33.1,151.12527932087,151.1,74.8977102861129,112.3,184.3,41.508075192861,33.6938909946463,33.5135204491639,47.1259435056314,93.4029664191186,151.118103434051,15.7,76.3,48.8
41,2001,132.744121726178,125.3,164.127400505313,198.9,25.8,7.2,57.9877168683516,19.0,29.2,15.1,6.1,5.4,69.4,149.5,5.7,133.6,174.7,81.1,16.7,12.0,16.4,9.6,11.8,22.9,71.4,32.5,15.4,10.0,72.9,73.2,163.6,6.2,11.6754782764343,10.3,34.1,139.8,141.5,155.8,110.5,24.3,94.3,34.4,12.6,25.897268979732,8.5,6.1,5.2,5.2,98.4,17.3,5.5,39.1,40.1,39.5614339907097,76.2519865374483,37.2,33.8770580617255,20.1,28.1,44.0,5.63495403859787,81.3,10.1,134.4,6.87073040960516,134.511210937228,4.2,22.5,5.3,82.8,34.3,96.0,159.0,109.1,169.1,151.3,6.0,15.3,50.1,45.4,35.8,139.120117471303,8.0,100.5,9.6,56.3959001116045,80.5774698753331,124.837090303657,130.488130899091,49.9,121.966693381641,88.0,6.9,34.1,43.5,3.8,6.6,5.3,20.4,26.1,4.3,40.0,94.5,,96.9,66.4,7.1,12.5,32.7595582401922,31.6,130.078208762705,81.2190713262204,31.2551263859704,41.5,71.8619023454524,44.5784627347747,8.2,13.1185567721635,88.5612871623019,148.269416406066,52.1,28.3851533476602,7.10067756115178,89.8,31.3,145.866726846822,145.9,73.873431887994,115.3,181.0,39.3836967380886,31.5037742862203,31.8399536770352,44.8432122058904,89.7723233568983,145.86020999309,15.6,73.8,44.5
42,2002,127.135609785381,121.2,158.835689865859,191.9,24.4,6.9,56.1642793938925,18.3,27.8,14.7,6.0,5.3,64.5,143.9,5.5,130.5,170.2,76.6,16.0,11.6,16.6,9.3,10.9,22.2,67.3,30.4,15.6,9.8,68.8,72.2,160.7,6.2,11.2679768524288,9.8,31.5,136.4,138.2,151.2,105.8,23.6,92.1,31.6,12.1,25.3983690546675,8.2,5.7,5.0,5.1,95.9,17.8,5.4,38.2,38.5,37.2311701623782,73.2745356815018,35.1,31.3544315605281,18.8,26.7,41.6,5.42844986869642,77.5,9.3,128.1,6.61805895643246,130.188030830551,4.1,22.5,5.1,80.8,31.7,92.2,152.9,104.5,163.4,147.0,5.6,15.2,48.1,44.3,34.2,133.366219854426,7.7,97.3,9.0,53.9096475290532,77.6648816683623,120.191919753942,126.824372772426,47.6,116.804229117084,84.5,6.5,32.0,42.7,3.6,6.4,5.1,20.0,25.4,4.1,37.5,89.9,,86.9,65.3,6.8,12.3,31.1376537402881,30.0,124.568763905823,78.2570677971763,29.0512990137442,39.6,69.1624326648329,42.5179812905409,8.1,12.4796992508331,86.7751543677102,142.802129111199,44.7,28.3099352123411,6.92820375393703,86.4,29.6,140.435236060786,140.5,72.6117586618667,117.0,177.7,37.1298483907836,29.2754924132509,30.2889067143786,42.760369470076,86.3663469904683,140.42893022512,15.6,71.2,40.6
43,2003,121.43551493647,117.0,153.420606612919,184.2,22.9,6.5,54.333914954617,17.7,26.4,14.1,5.9,5.2,59.8,138.1,5.3,127.4,165.0,72.3,15.2,11.3,16.8,9.2,10.1,21.7,63.5,28.4,15.7,9.7,64.9,73.1,157.3,6.2,10.9109987242754,9.5,28.9,133.0,134.6,146.5,100.0,22.8,89.7,29.7,11.8,24.8828001813857,7.9,5.3,4.8,5.0,93.4,18.4,5.2,37.5,36.9,34.9273447750791,70.2917404404501,32.9,28.9786191662409,17.6,25.5,39.5,5.21420076074651,73.9,8.5,121.7,6.37449171192913,125.780594672573,4.0,22.7,4.9,78.8,28.9,88.9,147.0,100.2,157.6,142.4,5.2,15.2,46.2,43.3,32.8,127.604026224234,7.3,94.4,8.4,51.425275937879,74.7225579518875,115.677203773965,123.369836444868,45.5,111.76139967269,81.1,6.0,30.0,41.8,3.4,6.1,4.8,19.6,24.6,4.0,35.2,85.3,,78.2,64.6,6.4,12.2,29.6374221347507,28.6,119.121182324219,75.2791426809566,26.9100896064536,37.8,66.4427612343653,40.6253822205705,8.0,11.8941122250527,85.0724230605461,137.174904882692,38.9,27.8607523521284,6.77577707724335,83.1,28.0,134.896186580286,134.9,71.3387493222708,118.4,174.3,34.8755692043716,27.1478080162003,28.8586891450855,40.8460800980912,83.1221825452291,134.890194095473,15.5,68.5,37.0
44,2004,115.828866802817,112.8,148.124428789562,175.5,21.5,6.3,52.6152309311117,17.1,25.1,13.5,5.8,5.1,55.7,131.7,5.2,124.4,159.1,68.3,14.2,11.0,16.9,9.0,9.4,21.3,59.8,26.5,15.8,9.5,61.2,73.7,153.6,6.1,10.4679683616039,9.3,26.3,129.4,131.1,141.8,93.4,22.2,87.2,28.6,11.5,24.3338030190665,7.6,5.0,4.6,4.9,91.0,19.0,5.0,36.9,35.3,33.6203645528775,67.8186249750194,31.8,27.0181461484354,16.5,24.5,37.6,5.047312366172,70.6,7.8,115.3,6.15673093730572,121.415182970606,3.9,23.0,4.8,76.6,26.2,86.1,141.8,95.9,151.5,138.0,4.9,15.1,44.4,42.3,31.4,121.996063249994,7.0,91.9,7.9,49.2116715075852,71.9098943974308,111.405645177979,119.914245470879,49.6,107.073457164911,77.7,5.6,28.1,40.9,3.2,5.8,4.6,19.2,23.9,3.9,33.2,80.8,,70.8,64.3,6.0,12.0,28.2445431048057,27.3,113.867123599855,72.4406466656569,25.0685200815046,36.1,63.9425528162833,38.7618739067136,7.9,11.4352096654993,83.2287044865021,131.643280647521,35.0,27.8157123943708,6.65309128367791,80.0,26.4,129.422388438293,129.5,69.943658552823,118.9,170.9,33.6027465020428,25.3728297885166,27.5123518581371,38.9629067423509,80.0648619179541,129.416809717724,15.5,66.0,33.8
45,2005,110.471932277019,108.6,142.895673135497,166.2,20.0,6.0,50.9579602168142,16.6,23.9,12.9,5.7,4.9,52.0,124.7,5.0,121.6,152.8,64.5,13.3,10.6,16.9,8.9,8.7,20.9,56.3,24.8,15.7,9.5,57.6,71.3,149.7,6.1,10.0239773226976,9.1,24.0,125.7,127.9,136.9,86.5,21.5,84.7,28.0,11.3,23.8655843267304,7.4,4.6,4.4,4.7,88.5,19.7,4.8,36.5,33.8,30.6067251043092,64.5559187838419,29.0,25.3098295089884,15.5,23.5,35.9,4.84501723405344,67.6,7.1,108.9,5.93298086157518,117.261951206745,3.7,23.3,4.6,74.3,23.7,83.5,137.2,91.8,145.2,133.5,4.6,15.1,42.7,41.4,30.0,116.64388132874,6.7,89.5,7.6,46.3790388176437,68.7426357488792,107.140143526592,116.55857212745,41.7,102.333053423212,74.4,5.2,26.3,40.0,3.1,5.6,4.5,18.9,23.2,3.7,31.1,76.0,,64.8,64.5,5.6,11.8,26.9655381854949,26.1,108.941243390839,69.2600990038967,23.079911110638,34.5,60.9816493944022,36.9932951553047,7.8,10.9961292415543,80.9095652022464,126.385433419706,33.0,27.8500097621294,6.48990225816219,76.8,25.0,124.153144051129,124.2,68.2479076938136,118.9,167.5,30.5772578269013,23.770481858245,26.2737577416788,37.1754389583485,76.8408584239913,124.147550785516,15.4,63.1,30.8
46,2006,105.457181745716,104.3,138.014558662861,156.8,18.5,5.6,49.3703985819209,16.1,22.7,12.3,5.6,4.7,48.7,117.5,4.9,118.9,146.0,61.0,12.4,10.2,16.8,8.6,8.0,20.6,53.1,23.2,15.6,9.5,54.1,68.8,145.3,6.0,9.33372425841945,9.0,22.0,122.1,124.6,132.2,80.0,20.9,82.4,27.8,11.2,23.4499761444594,7.2,4.3,4.1,4.6,86.1,20.5,4.6,36.1,32.3,28.8130460783686,61.7522582444238,27.3,23.6050736842501,14.6,22.6,34.3,4.67705019134065,64.7,6.5,102.8,5.65511996767176,113.101429626565,3.6,23.6,4.5,72.1,21.3,81.2,133.3,87.8,138.9,128.8,4.3,15.1,41.0,40.5,28.8,111.6524053435,6.4,87.3,7.2,43.9478551945827,65.9369860791221,103.20964686961,113.289489359252,39.9,98.0545032191892,71.1,4.9,24.7,39.0,3.0,5.3,4.3,18.7,22.6,3.6,29.0,71.6,,59.8,64.8,5.2,11.6,25.8099295244179,24.9,104.27156817661,66.4432224293143,21.4580279544402,32.9,58.402975249768,35.3250312453273,7.7,10.5255235990435,77.8377780274972,121.363117583927,32.4,27.8621467478372,6.34704206399155,73.8,23.7,119.197025190301,119.3,65.9302685050798,109.5,163.9,28.7701315751343,22.1775479203443,25.1452736423057,35.491075858282,73.822554278326,119.192000052568,15.3,60.5,28.2
47,2007,100.411263900067,100.0,133.515350645495,147.1,17.1,5.4,47.5330441348165,15.7,21.6,11.7,5.4,4.6,45.6,110.3,4.8,116.3,139.3,57.7,11.8,9.8,16.5,8.3,7.3,20.3,50.0,21.8,15.5,9.5,50.9,68.6,141.2,6.0,8.68364357561072,8.9,20.1,118.3,121.3,127.5,74.2,20.2,79.9,27.8,11.1,23.0973829269917,6.9,4.0,3.9,4.5,83.7,21.4,4.5,35.8,31.0,27.1244097433619,59.0428824463214,25.7,22.0389367126088,13.8,21.7,32.8,4.54826469321535,62.0,6.0,97.1,5.42275506669839,109.150182587587,3.5,23.8,4.4,69.6,19.1,78.7,129.8,84.1,132.6,124.1,4.1,15.1,39.4,39.7,27.7,106.90576242819,6.1,85.2,6.8,41.5440842670479,63.1552798759776,99.4012765515384,110.083916352913,38.3,93.8728761194682,67.8,4.6,23.1,38.1,2.9,5.1,4.2,18.4,21.9,3.5,26.9,67.6,,55.3,65.2,4.8,11.4,24.7165722402126,23.9,99.7681420983566,63.6461612095513,19.9235697606681,31.3,55.8924959359263,33.6027458631476,7.6,10.0562994681747,74.9845452011749,116.756582372685,32.2,27.8437216987877,6.17294081967978,70.9,22.5,114.389654739392,114.4,63.9822750819629,105.1,160.1,27.0654211096534,20.7123987796655,24.1001412178659,33.7493159487994,70.9138298613684,114.384697441397,15.3,58.0,25.8
48,2008,95.3811815990238,95.9,129.379974797983,137.5,15.8,5.1,45.8533635673687,15.4,20.5,11.2,5.2,4.5,42.7,103.5,4.7,113.8,133.1,54.7,11.4,9.3,16.2,7.9,6.6,19.9,47.1,20.6,15.3,9.5,47.8,68.8,137.5,5.9,8.20836493635949,8.9,18.5,114.4,117.8,123.0,69.3,19.6,77.5,27.6,10.9,22.5635155145163,6.7,3.8,3.7,4.4,81.2,22.4,4.3,35.5,29.8,26.4918985910288,56.8049773264054,25.2,20.5738932049539,13.0,20.8,31.4,4.43077208952113,59.6,5.5,91.7,5.24589307086618,106.49027762342,3.3,23.8,4.4,67.1,17.2,76.1,126.9,80.6,126.3,119.6,4.0,15.2,37.8,38.8,26.6,102.505950073888,5.9,83.3,6.5,39.209334050871,60.6561791228674,96.4946123005615,107.045287858869,36.7,90.9723493587953,64.5,4.4,21.7,37.0,2.8,4.9,4.1,18.1,21.3,3.4,24.7,62.7,33.8,51.4,65.4,4.5,11.2,23.7124758189254,23.0,96.661312714069,61.1360895880217,18.5889138430548,29.8,53.7101395836512,32.0445044342089,7.5,9.65030704995671,72.0328446591991,112.455923746543,31.8,27.7353158797878,6.02766049107165,68.0,21.4,109.735724993256,109.8,61.6926036351533,103.7,156.3,26.4310251319939,19.3206406698391,23.1592552222039,32.1781640016977,67.9309299300749,109.730924279173,15.0,55.7,23.8
49,2009,90.7111291854921,91.8,125.524282304507,128.5,14.5,4.8,44.3038400628393,15.0,19.5,10.6,5.0,4.5,39.9,97.0,4.6,111.4,127.2,51.8,11.1,8.9,15.8,7.5,6.1,19.5,44.4,19.6,15.1,9.6,45.0,65.9,133.5,5.8,7.7782679165219,8.8,17.1,110.2,114.5,118.8,65.4,19.0,75.1,27.2,10.7,22.0681956262692,6.5,3.6,3.5,4.3,78.9,23.4,4.2,35.4,28.7,24.1249406391073,53.8212235945769,22.9,19.3067127316919,12.4,19.9,30.1,4.32438465872366,57.4,5.0,86.7,5.07775243011216,102.040782254915,3.2,23.8,4.3,64.6,15.5,73.0,124.3,77.2,120.1,115.3,3.9,15.3,36.3,38.1,25.6,98.3157589714807,5.7,81.4,6.2,37.0517680841039,58.0047888106404,92.7771666626893,104.333280608399,35.3,86.6834074340862,61.3,4.3,20.4,36.0,2.7,4.7,4.1,17.7,20.7,3.3,22.5,58.7,31.7,47.5,65.1,4.3,11.0,22.8095318848822,22.1,91.7595210077979,58.4578978602324,17.534763007742,28.6,51.1909447178283,30.8143296937717,7.3,9.34233714976945,68.3778335175075,108.279809697604,31.0,28.0973689976836,5.88465912098327,65.2,20.3,105.471539853362,105.5,58.9180960664181,98.2,152.3,24.0479993418774,18.1503242037564,22.3232474355954,30.94100204363,65.2248254872569,105.466947297692,14.8,53.3,21.9
50,2010,86.4163803141884,87.8,122.054565158149,120.0,13.3,4.6,42.7782777951599,14.5,18.5,10.1,4.8,4.3,37.3,91.0,4.5,109.1,121.9,49.2,10.8,8.5,15.4,7.2,5.6,18.9,41.9,18.6,15.0,9.7,42.4,62.6,129.8,5.7,7.33933047357675,8.7,15.8,106.4,110.2,114.6,62.4,18.4,72.7,26.5,10.5,21.7223845461469,6.4,3.5,3.4,4.2,76.5,24.6,4.1,35.2,27.8,22.8901505690495,51.5232871129828,21.7,18.2335160179633,11.8,19.0,28.8,4.18918889170211,55.2,4.6,82.1,4.86152008774654,99.4802969476428,3.0,23.7,4.2,61.8,14.1,69.8,121.9,74.0,114.4,111.3,3.9,15.4,34.8,37.4,24.7,95.0321817022705,5.5,130.1,6.0,35.0472702311233,55.9404553252736,90.1004727848888,101.894554356641,33.9,83.8449719340647,58.1,4.2,19.3,34.9,2.7,4.6,4.0,17.3,20.1,3.2,20.4,56.1,29.6,43.9,64.5,4.1,10.7,23.363014685899,22.7,88.7171721471679,56.3706405120719,16.347925027359,27.6,49.2680506618603,29.7273962451931,7.2,8.9912582825026,64.8524220014105,104.597093197027,29.5,27.2489309056956,5.67468373363549,62.3,19.3,101.571653658934,101.6,56.2381167965635,88.3,148.4,22.8210537202395,17.1625940036095,22.818522883614,29.8480780655946,62.3600343355239,101.567654672133,14.5,51.4,20.2
51,2011,82.4915063909405,84.0,119.025138083374,112.2,12.2,4.3,41.5825797867018,13.9,17.6,9.5,4.5,4.2,34.8,85.6,4.4,106.9,117.2,46.7,10.4,8.1,15.1,6.9,5.2,18.4,39.5,17.9,14.9,9.8,40.1,61.2,126.4,5.7,6.96075370436281,8.5,14.6,103.2,105.9,110.7,60.1,17.8,70.3,25.5,10.2,21.1925920783143,6.2,3.3,3.3,4.1,74.3,25.8,4.1,35.2,27.1,21.7482215185159,48.958857336937,20.6,17.2791933961845,11.3,18.1,27.6,4.1064025096624,53.3,4.2,77.7,4.69538982321319,96.2170649990332,2.9,23.7,4.2,59.3,13.0,66.5,119.8,70.8,109.0,107.5,3.9,15.6,33.4,36.6,23.8,90.8998468415348,5.3,77.6,5.9,33.1687530772823,53.8129652455189,87.1757278546031,99.7344162432758,32.5,80.4878320958897,55.0,4.1,18.4,33.8,2.6,4.4,3.9,16.8,19.6,3.2,18.3,53.9,27.7,40.6,63.3,4.0,10.3,21.1572275676885,20.6,84.9639109767544,54.2003238082174,15.4004809163841,26.9,47.2344779093287,28.9991278608646,7.1,8.73518802312914,62.3568396134103,101.283281225766,27.7,26.9387845474955,5.56711239911785,59.6,18.4,98.0704746691224,98.1,54.2721735430753,76.5,144.5,21.6855847494273,16.331541843623,20.7961549998037,29.1190687416159,59.6181599820906,98.0664018415585,14.2,49.5,18.8
52,2012,78.7877273029938,80.3,116.249469226725,104.9,11.2,4.1,41.2585255621034,13.3,16.8,9.0,4.3,4.0,32.5,80.5,4.3,104.6,112.9,44.4,9.8,7.9,14.7,6.7,4.9,17.7,37.3,17.2,14.7,10.0,38.0,55.2,123.3,5.6,6.62907445067303,8.4,13.5,100.1,101.5,106.8,58.2,17.2,68.0,24.2,9.9,20.6578929450584,6.0,3.1,3.2,4.0,72.2,27.2,4.1,35.1,26.5,20.3477288998228,46.8079362102984,19.4,16.2970168836859,10.8,17.3,26.4,4.00722572976997,51.5,3.9,73.6,4.55142758276016,93.9546771987789,2.8,23.6,4.1,56.8,12.1,63.4,117.7,68.0,103.9,103.6,4.0,15.7,32.1,35.9,22.9,87.4955571092803,5.2,75.8,5.7,31.0303312387994,51.4711872510731,84.7684816903615,97.5432778257306,31.2,77.9665732670924,52.0,4.0,17.5,32.8,2.6,4.3,3.8,16.3,19.0,3.0,16.3,52.2,26.1,37.8,62.1,3.8,10.0,20.4277288568004,20.0,81.8064328497833,51.8280139478483,14.4552101488708,27.2,44.9441041882539,29.2489267201802,7.0,8.45706598695846,59.9237090228269,98.1950263157211,25.7,26.5355165200271,5.42719043245102,56.9,17.5,94.8064119569419,94.8,52.3206174048566,70.4,140.6,20.2928857260048,15.4332339530457,20.1151841291883,29.3812462056454,56.9829712143184,94.8024829507777,13.8,47.6,17.5
53,2013,75.4426897327386,76.8,113.664250457502,98.3,10.5,3.9,40.57842919506,12.7,15.9,8.6,4.1,3.9,30.3,75.7,4.2,102.3,108.7,42.1,9.2,7.7,14.4,6.5,4.6,16.9,35.2,16.7,14.6,10.2,36.3,50.3,121.1,5.5,6.33162232998522,8.3,12.5,96.9,96.9,103.3,56.4,16.7,65.8,22.8,9.6,20.2400396723032,5.9,3.0,3.2,4.0,69.9,28.5,4.1,35.1,26.1,19.5406486535475,44.7111739954827,18.6,15.488161107414,10.4,16.6,25.3,3.96265477811856,49.8,3.6,69.6,4.44558651411091,91.6646849872756,2.7,23.8,4.1,54.2,11.4,60.5,115.7,65.2,99.4,100.2,4.2,15.9,30.8,35.0,22.1,84.208360362708,5.1,73.9,5.6,29.5941448443314,49.9431780801971,82.2964619595661,95.3564571973171,30.0,75.3729750436489,49.1,3.9,16.8,31.7,2.6,4.1,3.7,15.9,18.5,2.9,14.6,50.1,24.7,35.3,60.7,3.7,9.6,19.7662056653451,19.4,78.7325881264925,50.2734674820398,13.6765393520598,26.8,43.4946869639401,28.8517064776919,6.8,8.23391839986488,57.7254147666911,95.2111313760039,24.0,26.1504921289928,5.32623749852911,54.3,16.7,91.7753246655872,91.8,50.5893780260962,67.9,136.9,19.4923192486597,14.7095285893598,19.5142142649045,28.988932628674,54.3254968834573,91.7717925376872,13.4,46.0,16.3
54,2014,72.4923836880967,73.4,111.432027289881,92.9,9.9,3.7,39.6726270161151,12.2,15.1,8.1,4.0,3.8,28.3,71.6,4.1,100.1,104.7,40.0,8.7,7.5,14.1,6.4,4.3,16.1,33.3,16.3,14.4,10.4,34.7,48.2,118.6,5.4,6.05244458568973,8.1,11.6,93.5,92.5,99.7,54.6,16.1,63.5,21.3,9.3,19.7236781526509,5.8,2.9,3.1,4.0,67.8,29.9,4.1,35.1,25.7,18.5013933072995,42.6098471729713,17.6,14.6711919021106,10.0,16.0,24.3,3.9181231307502,48.1,3.4,65.9,4.3583280563163,89.5643132373723,2.6,24.1,4.1,52.2,10.9,57.8,114.5,62.6,95.5,96.8,4.3,16.1,29.5,34.1,21.3,81.2341201659549,5.0,72.0,5.4,27.7816653125548,48.0984730961515,80.0753383507063,93.4214429562101,28.8,73.0421390320431,46.2,3.8,16.1,30.8,2.6,4.0,3.6,15.4,18.0,2.8,13.0,48.1,23.4,33.4,59.1,3.6,9.3,19.1904181951303,18.8,76.0559912515528,48.4140407509621,12.8970032703748,26.1,41.6895408912151,28.0172258662195,6.8,7.9846485512688,55.6758307413204,92.5890517483214,22.4,25.8092544400311,5.23111324267538,51.7,16.0,89.1108228398322,89.2,48.9297482386894,67.9,133.3,18.4586593108664,13.9333762702389,18.9938222821181,28.1200762938898,51.7313002315713,89.1074863156612,13.1,44.4,15.3
55,2015,69.8691858575132,70.2,109.185388765793,88.3,9.6,3.5,38.7619464817831,11.6,14.4,7.7,3.9,3.7,26.3,67.9,4.1,97.9,101.1,38.0,8.1,7.4,13.9,6.3,4.1,15.3,31.6,15.9,14.1,10.6,33.2,45.4,115.5,5.4,5.80981296773691,8.0,10.7,90.5,88.1,96.5,52.8,15.6,61.2,19.7,9.1,19.2026972577729,5.7,2.8,3.2,3.9,65.6,31.2,4.1,35.1,25.3,17.8870381583242,40.7674818072092,17.0,13.9057137701967,9.5,15.4,23.4,3.88160710252158,46.4,3.1,62.4,4.28077988303593,87.473151768486,2.5,24.5,4.2,50.4,10.5,55.4,112.6,60.1,91.8,93.7,4.4,16.2,28.4,33.1,20.5,78.4878748161431,4.9,70.1,5.1,26.6692319322774,46.9231041914571,77.9272966416414,91.5476358293467,27.7,70.8092772849323,43.6,3.7,15.5,29.8,2.6,3.9,3.5,15.0,17.5,2.8,11.9,45.9,22.3,31.7,57.5,3.5,9.1,18.6090531723079,18.4,73.643538452397,47.2171968887497,12.2181027251861,25.2,40.5914444167246,27.1331962312607,6.7,7.74470291948933,53.8334007032973,90.1859206830113,21.1,25.4866233587996,5.15399606327729,49.2,15.4,86.6397673675421,86.7,47.39143305889,64.4,129.5,17.8497628951971,13.2192487349699,18.5161143035962,27.2712045175177,49.258457095559,86.6365070520617,12.7,43.2,14.4
56,2016,67.3639290496706,67.2,106.891019087017,84.4,9.4,3.4,38.1830714590474,11.0,13.7,7.4,3.8,3.6,24.5,64.6,4.1,95.6,97.7,36.0,7.7,7.3,13.8,6.2,3.9,14.5,30.2,16.7,13.8,10.8,31.9,43.5,112.7,5.3,5.54831286535089,7.8,9.9,88.0,84.3,93.4,51.0,15.1,59.0,18.3,8.9,18.7787853133339,5.5,2.7,3.2,3.9,63.8,32.5,4.0,35.1,24.9,16.8487666608914,39.0610599945303,16.1,13.1849494244122,9.1,14.8,22.6,3.85132095136479,44.9,2.9,59.0,4.20078436944774,85.6425463278041,2.4,25.0,4.2,48.4,10.2,53.1,110.1,57.7,88.6,90.6,4.4,16.3,27.3,32.2,19.8,75.7489260227485,4.9,68.2,4.7,25.297330682241,45.3255339720473,75.7488235294345,89.6908746736675,26.6,68.4908200444302,41.0,3.6,15.0,28.8,2.7,3.8,3.4,14.6,17.0,2.7,11.0,43.8,21.1,30.3,56.1,3.4,9.0,18.4944781025208,18.5,71.10954889192,45.5847664948364,11.5859457509027,24.5,39.0902773813863,26.452993509101,6.6,7.50904700511121,51.7070723476592,87.8167804265219,20.0,25.1883743359716,5.05996286567527,46.8,14.8,84.2156507783717,84.3,45.719750610227,61.8,125.8,16.81294582033,12.5129513353344,18.6888664877505,26.5945169006358,46.7879290749728,84.2124371381434,12.3,41.9,13.5
57,2017,65.0910528384151,64.6,104.627006239061,81.1,9.3,3.2,36.9050681935873,10.3,13.0,7.1,3.8,3.6,22.9,61.7,4.1,93.4,94.5,34.1,7.3,7.3,13.6,6.1,3.6,13.7,28.9,15.4,13.4,11.0,30.6,39.9,110.9,5.3,5.31716800335814,7.6,9.2,85.6,80.8,90.3,49.3,14.6,56.9,17.0,8.7,18.3373290191121,5.4,2.7,3.2,3.9,61.9,33.6,4.0,35.1,24.5,16.0412377198309,37.3677721127127,15.4,12.6778331569539,8.7,14.4,21.8,3.83453986177686,43.4,2.7,56.0,4.14832436717768,83.5199987742669,2.4,25.6,4.3,46.6,10.0,51.0,108.3,55.5,85.5,87.6,4.3,16.4,26.3,31.3,19.1,73.3916782343602,4.8,66.3,4.5,24.0188277599916,43.9659663142667,73.6555883103947,87.7490358481065,25.6,66.3503133679974,38.7,3.5,14.5,27.9,2.7,3.8,3.3,14.1,16.5,2.6,10.5,42.4,20.0,28.9,54.4,3.3,8.9,17.679365364625,17.8,68.9640845990014,44.2159067539406,10.9099215633539,23.3,37.8198490902199,25.2791380730825,6.5,7.33186398757159,49.8980762703068,85.5670880711354,19.0,24.8814714358366,4.99176093501985,44.6,14.3,81.9045607305576,82.0,44.2760514712621,63.2,121.9,16.0075179359525,11.9760225568228,17.9326625197848,25.4111917915221,44.6900354322371,81.9014709666237,11.9,40.6,12.6
58,2018,62.8571893618424,62.2,102.014143939794,78.0,9.3,3.1,36.4049846105514,9.5,12.4,6.8,3.8,3.6,21.5,59.1,4.1,91.1,91.3,32.2,7.0,7.2,13.5,6.0,3.4,13.0,27.7,15.2,13.0,11.2,29.6,39.0,108.8,5.2,5.05556492227778,7.4,8.6,82.8,77.7,87.2,47.7,14.1,54.9,15.9,8.4,17.8781033123786,5.3,2.8,3.1,3.8,59.9,34.5,3.9,34.8,24.0,16.0533642985306,35.8620963001872,15.2,12.2418862980841,8.4,13.9,21.0,3.78960107556541,41.9,2.5,53.2,4.04891190976439,81.5017611089972,2.3,26.3,4.3,44.9,9.8,49.1,106.2,53.4,82.4,84.7,4.2,16.5,25.4,30.3,18.4,71.0683925506908,4.8,64.4,4.2,23.489820174703,43.468362056317,71.5122541706509,85.3474519287189,24.6,64.375027703578,36.4,3.4,14.0,27.0,2.7,3.7,3.2,13.7,16.0,2.5,10.3,40.8,19.0,27.8,52.9,3.2,8.8,17.2022424965517,17.3,66.8651003770097,43.7087758739281,10.6009356985368,23.1,37.3660986312237,25.0445894120069,6.4,7.12345376094387,48.4819950526618,83.1989780947426,18.2,24.5904703008565,4.90900006329073,42.5,13.8,79.4745562001632,79.6,43.121497770992,59.6,118.0,16.026164598731,11.5537276837012,17.4701020893922,25.1838520860093,42.5054818026808,79.4716717817178,11.5,40.0,11.9
59,2019,60.8559168091663,59.9,99.5519597978544,75.0,9.4,3.0,35.7255030718043,8.6,11.8,6.6,3.8,3.6,20.4,56.7,4.1,88.6,88.2,30.4,6.7,7.1,23.4,5.9,3.1,12.3,26.6,14.9,12.7,11.4,28.5,37.7,105.9,5.2,4.87393282462713,7.1,8.0,79.7,75.1,84.4,52.4,13.7,53.1,15.0,8.2,17.9718698247641,5.2,2.8,3.0,3.7,57.9,35.2,3.8,34.3,23.5,15.6300452525527,34.5064510717603,14.9,11.8824831975775,8.2,13.4,20.3,3.71950772425537,40.6,2.3,50.9,3.94959449092216,79.4904317089545,2.3,26.9,4.3,43.2,9.7,47.2,104.0,51.5,79.5,81.9,4.0,16.5,24.6,29.4,17.8,68.9244980391454,4.7,62.5,4.1,22.5782919934552,42.593979792178,69.4996484077374,83.250180451727,23.8,62.4559109905641,34.3,3.3,13.5,26.2,2.7,3.5,3.0,13.2,15.5,2.5,10.2,39.4,18.3,26.8,51.4,3.1,8.8,16.7213765818112,16.8,64.8720856694567,42.8168003111477,10.1830873709431,22.7,36.5168033840096,24.7333499213436,6.3,6.9158014111144,47.1205212393103,80.955371199092,17.3,24.253031287717,4.83153315017336,40.6,13.3,77.2416626524033,77.3,42.0113299598769,56.9,114.3,15.6080783362241,11.2126133088751,16.9778999017831,24.88070213978,40.5893697389626,77.2389690118192,11.2,39.3,11.2
60,2020,59.0873088673173,57.8,96.92830727855,72.1,9.4,2.8,34.8094619005862,7.7,11.3,6.4,3.7,3.6,19.4,54.6,4.1,86.0,85.4,28.8,6.5,7.0,13.3,5.7,2.9,11.7,25.6,14.7,12.3,11.5,27.5,36.3,103.0,5.1,4.75936674881842,6.9,7.4,77.3,72.4,81.7,44.5,13.3,51.3,14.2,7.9,16.9809709558246,5.1,2.8,2.9,3.6,56.0,35.6,3.7,33.7,22.9,15.6729801763826,33.1501191147154,14.8,11.4469165840303,7.9,12.9,19.6,3.66611567827771,39.3,2.1,48.7,3.88051216978732,77.3889486637936,2.2,27.5,4.4,41.0,9.6,45.5,101.6,49.6,77.0,79.3,3.9,16.4,23.8,28.5,17.1,66.8371389845373,4.7,60.5,4.0,22.0138470548038,42.0893095764273,67.5323691563034,80.9705886947991,22.9,60.668232821736,32.4,3.2,13.0,25.4,2.7,3.4,2.8,12.8,15.0,2.4,10.2,38.6,17.8,25.8,49.8,3.0,8.8,16.2520491927768,16.4,62.980568403575,42.3047115808683,9.91389720423857,22.1,36.0563557962952,24.1160941252816,6.2,6.73767158712066,45.6574815517043,78.7014525308702,16.5,23.9136502019261,4.74389790172793,38.8,12.8,75.1159228780245,75.1,40.7458561468558,56.2,110.5,15.6611564040171,10.8164190888665,16.5052691338794,24.2640136758541,38.8464935320085,75.1134025935319,10.9,38.7,10.5
61,2021,57.2847270993243,55.7,94.3722350431445,69.4,9.5,2.8,34.4545113311025,6.9,10.7,6.1,3.7,3.7,18.6,52.6,4.1,83.5,82.6,27.3,6.3,6.9,13.2,5.6,2.7,11.2,24.7,14.4,11.9,11.5,26.7,34.9,99.9,5.0,4.62235279569629,6.6,6.9,74.8,69.8,79.0,43.0,12.8,49.7,13.5,7.6,16.5282037380229,5.0,2.8,2.8,3.6,54.1,35.9,3.6,33.0,22.3,15.5339056879261,31.9153269085937,14.7,11.0471033977391,7.6,12.5,19.0,3.60947611561038,38.1,2.0,46.8,3.80230992275468,75.426000016036,2.2,27.7,4.4,39.7,9.5,44.0,98.7,47.9,74.3,76.8,3.7,16.2,23.0,27.7,16.6,64.8617256309704,4.6,58.6,4.0,21.3590243647904,41.321631381696,65.6972911386609,78.8223950007337,22.2,59.0391731716484,30.6,3.1,12.6,24.5,2.6,3.4,2.6,12.4,14.6,2.3,10.3,37.2,17.4,24.8,48.2,2.9,8.7,15.7620021468373,15.9,61.2611451464136,41.5276401269211,9.64048140062325,22.0,35.3088509956501,23.9083172550487,6.1,6.49938518639537,44.4495237866315,76.4652069865919,15.4,23.4426605219874,4.66543529657963,37.1,12.4,72.997105062973,73.0,39.6550144536475,52.6,107.1,15.5361569714378,10.4407161775888,16.0224068465702,24.0625605729166,37.0519601369135,72.9947339957363,10.5,38.1,10.0
