,Year,Aruba,Africa Eastern and Southern,Afghanistan,Africa Western and Central,Angola,Albania,Andorra,Arab World,Argentina,Armenia,American Samoa,Antigua and Barbuda,Australia,Austria,Azerbaijan,Burundi,Belgium,Benin,Burkina Faso,Bangladesh,Bulgaria,Bahrain,"Bahamas, The",Bosnia and Herzegovina,Belarus,Belize,Bermuda,Bolivia,Brazil,Barbados,Brunei Darussalam,Bhutan,Botswana,Central African Republic,Canada,Central Europe and the Baltics,Channel Islands,Chile,China,Cote d'Ivoire,Cameroon,"Congo, Dem. Rep.","Congo, Rep.",Colombia,Comoros,Cabo Verde,Costa Rica,Caribbean small states,Cuba,Curacao,Cayman Islands,Cyprus,Czechia,Germany,Djibouti,Dominica,Denmark,Dominican Republic,Algeria,East Asia & Pacific (excluding high income),Early-demographic dividend,East Asia & Pacific,Europe & Central Asia (excluding high income),Europe & Central Asia,Ecuador,"Egypt, Arab Rep.",Euro area,Eritrea,Estonia,Ethiopia,European Union,Fragile and conflict affected situations,Finland,Fiji,France,Faroe Islands,Gabon,Georgia,Ghana,Gibraltar,Guinea,"Gambia, The",Guinea-Bissau,Equatorial Guinea,Greece,Grenada,Greenland,Guatemala,Guam,Guyana,"Hong Kong SAR, China",Honduras,Heavily indebted poor countries (HIPC),Croatia,Haiti,Hungary,IBRD only,IDA & IBRD total,IDA total,IDA blend,Indonesia,IDA only,Isle of Man,India,Ireland,"Iran, Islamic Rep.",Iraq,Iceland,Israel,Italy,Jamaica,Jordan,Japan,Kazakhstan,Kenya,Kyrgyz Republic,Cambodia,Kiribati,"Korea, Rep.",Kuwait,Latin America & Caribbean (excluding high income),Latin America & Caribbean ,Least developed countries: UN classification,Low & middle income,Late-demographic dividend,Middle East & North Africa,Middle income,Middle East & North Africa (excluding high income),North America,OECD members,Other small states,Pre-demographic dividend,"Korea, Dem. People's Rep.",Pacific island small states,Post-demographic dividend,French Polynesia,South Asia,El Salvador,Sub-Saharan Africa (excluding high income),Sub-Saharan Africa ,Small states,Eswatini,Chad,East Asia & Pacific (IDA & IBRD countries),Europe & Central Asia (IDA & IBRD countries),Latin America & the Caribbean (IDA & IBRD countries),Middle East & North Africa (IDA & IBRD countries),South Asia (IDA & IBRD),Sub-Saharan Africa (IDA & IBRD countries),British Virgin Islands,World,Kosovo
0,1960,54608,130692579,8622466,97256290,5357195,1608800,9443,93359407,20349744,1904148,20085,55342,10276477,7047539,3894500,2746628,9153489,2512284,4783259,50396429,7867374,160691,114500,3262539,8198000,91403,44400,3707515,73092515,232550,85346,221266,512865,1679728,17909356,91401764,109186,8141820,667070000,3708661,5117608,15276558,1055693,15687688,194852,209849,1346302,4209141,7267395,124826,8473,585725,9602006,72814900,85940,59379,4579603,3298021,11394307,896462247,979461502,1043333636,255726092,666273660,4618158,27034499,269385168,993568,1211537,21739710,356947129,245011384,4429634,401841,46649927,34154,513340,3645600,6911510,21822,3516814,399649,577933,267351,8331725,93772,32500,4128880,72374,571990,3114671,2078617,163453961,4140181,3901139,9983967,1904346683,2297972283,393625600,120380760,88382881,273244840,48793,445954579,2828600,21388806,7084678,175574,2114020,50199700,1642331,847936,93216000,9319283,7751435,,5541676,47093,25012374,305415,194711112,219142626,243747624,2243178704,1095548725,104958259,2107416130,97179656,198624756,807630906,9080716,188484894,11655666,905537,755575073,84851,571192428,2779327,227907169,227948869,14195394,345065,3028688,884811163,307910628,208929539,97179656,571192428,227948869,7850,3031474234,947000
1,1961,55811,134169237,8790140,99314028,5441333,1659800,10216,95760348,20680653,1971530,20626,56245,10483000,7086299,4045750,2815972,9183948,2551216,4852833,51882769,7943118,166970,120216,3325333,8271216,93757,45500,3784744,75330008,233698,89561,227071,524403,1710364,18271000,92232738,110225,8313535,660330000,3848336,5200355,15673284,1083431,16182414,198617,214788,1396138,4289429,7418518,126125,8626,594771,9586651,73377632,89270,60395,4611687,3408415,11598608,895992255,1004319366,1045203037,259951519,673957844,4751507,27747867,271727867,1016932,1225077,22281675,359937892,250272662,4461005,414534,47161641,34572,519329,3703600,7109029,21907,3578631,410801,583107,272264,8398050,95096,33700,4251911,73873,588597,3168100,2139928,167427839,4167292,3974934,10029321,1926042536,2329503799,403461263,123340386,90816938,280120877,48422,456351876,2824400,21983622,7260714,179029,2185000,50536350,1663754,891848,94055000,9639302,8047470,,5664654,48275,25765673,339697,200250715,225304612,249669012,2274049905,1097728985,107670788,2135115636,99620285,202007500,818832113,9244843,192890980,11916515,932520,764678914,86921,584794755,2858896,233440376,233483265,14466792,352971,3087657,884080493,312638061,214886940,99620285,584794755,233483265,7885,3072421801,966000
2,1962,56682,137835590,8969047,101445032,5521400,1711319,11014,98268683,21020359,2039346,21272,57008,10742000,7129864,4168150,2887398,9220578,2593302,4924497,53461661,8012946,173359,126305,3387512,8351928,96188,46600,3864140,77599218,234829,93837,233417,536428,1742502,18614000,93009498,111281,8486120,665770000,3998287,5303841,16086084,1112348,16691282,202527,221484,1447037,4366420,7574265,128414,8799,601095,9624660,74025784,93122,61224,4647727,3521164,11778260,907858935,1029962253,1059600211,264183560,681809362,4890425,28485022,274105087,1041552,1241623,22852158,362998792,255747541,4491443,427695,47679792,34963,525754,3760300,7281192,22249,3642324,422310,590399,277490,8448233,96052,35000,4378604,75412,604833,3305200,2202854,171555341,4196712,4049504,10061734,1960606353,2374276327,413669974,126404800,93345489,287265174,48669,467024193,2836050,22605050,7481832,182378,2293000,50879450,1683761,934615,94933000,9959414,8363578,,5788854,49508,26513030,378190,205949399,231638540,255852360,2318172647,1112142897,110538003,2175939784,102159899,205198600,830289099,9436172,197549304,12180505,960258,773971699,89208,598784274,2937821,239236580,239280622,14762850,361070,3148242,895683380,317365322,221002830,102159899,598784274,239280622,7902,3126849612,994000
3,1963,57475,141630546,9157465,103667517,5599827,1762621,11839,100892507,21364017,2106142,21949,57778,10950000,7175811,4293550,2948133,9289770,2638082,4998671,55094115,8078145,179891,132639,3448532,8437232,98862,47700,3945729,79915555,235875,98277,240268,549041,1776214,18964000,93840016,112410,8656006,682335000,4156453,5427511,16517995,1142600,17210956,206546,228814,1498647,4443544,7736352,130860,8985,607072,9670685,74714353,97670,62031,4684483,3635798,11969451,931114057,1056327420,1085398906,268409373,689682704,5034334,29245936,276517540,1067295,1258857,23448979,366152978,261378272,4523309,441385,48189939,35385,532592,3816100,7458243,22796,3707945,434173,595802,283018,8479625,96882,36400,4508444,76996,620703,3420900,2267708,175832578,4225675,4122260,10087947,2007060959,2431314278,424253319,129620425,95962527,294632894,49131,477933619,2852650,23259094,7735824,185653,2379000,51252000,1703868,978607,95900000,10277790,8697200,,5913680,50780,27261747,420494,211793513,238127927,262222227,2374537275,1137971547,113518054,2228877289,104817905,208253700,841722274,9631390,202413011,12475236,988767,783063134,91963,613149540,3014885,245252887,245298063,15063701,369527,3210296,918644019,322144898,227259853,104817905,613149540,245298063,7919,3193428894,1022000
4,1964,58178,145605995,9355514,105959979,5673199,1814135,12690,103618568,21708487,2171029,22656,58664,11167000,7223801,4439250,3033221,9378113,2685619,5076111,56774465,8144340,186587,138785,3507959,8524224,101772,48900,4029472,82262794,236834,102904,247444,562274,1811694,19325000,94715795,113596,8825046,698355000,4321368,5556209,16965855,1174269,17739754,210665,236362,1550661,4520592,7902286,133148,9172,612338,9727804,75318337,102945,62843,4722072,3752313,12179099,953987755,1083430197,1110819272,272634858,697559598,5183283,30026648,278953378,1094042,1277086,24073696,369387359,267180143,4548543,455214,48733997,35841,539830,3870300,7640196,23347,3775510,446375,590481,288852,8510429,97613,37600,4640795,78621,635957,3504600,2334492,180294830,4252876,4196349,10119835,2053555416,2488809469,435254053,132967846,98675061,302286207,49597,489059309,2866550,23948624,7997655,188983,2475000,51675350,1725181,1029447,96903000,10590934,9047387,,6040847,52092,27984155,465748,217767514,244742056,268840613,2431354529,1163376707,116624655,2282093614,107577280,211262900,853200694,9819458,207480357,12787523,1017629,792060920,95192,627867470,3095170,251519652,251565974,15357679,378531,3273419,941205716,326946310,233646719,107577280,627867470,251565974,7949,3260441925,1050000
5,1965,58782,149742351,9565147,108336203,5736582,1864791,13563,106444103,22053661,2234051,23391,59644,11388000,7270889,4574650,3118134,9463667,2735843,5157929,58500159,8204168,193012,144849,3565517,8610000,104838,50100,4115511,84623747,237694,107686,255010,570975,1849171,19678000,95440988,114832,8994936,715185000,4492890,5690086,17438254,1207412,18275814,214939,244156,1602736,4596245,8067651,135266,9366,617345,9779358,75963695,108772,63744,4759012,3868712,12381256,977493628,1110603410,1136927045,276765568,705233118,5337351,30818469,281432987,1121739,1294566,24727506,372533839,273124351,4563732,469010,49282756,36346,547535,3921600,7827726,23910,3845074,458908,577638,295010,8550333,98226,39200,4774984,80255,650207,3597900,2403465,184949176,4280923,4274348,10147935,2100537138,2547220471,446683333,136452685,101157868,310230648,50057,500114346,2877300,24667026,8270544,192286,2563000,52112350,1746977,1093474,97952000,10897644,9417207,,6170727,53444,28704674,513840,223847681,251458185,275712411,2489218929,1189485776,119831991,2336192886,110431969,214031100,864404090,9995778,212742196,13105946,1046929,800834639,98674,642649029,3179506,258031054,258078554,15638952,388317,3336338,964393486,331523017,240144416,110431969,642649029,258078554,8018,3328209022,1078000
6,1966,59291,153955516,9783147,110798486,5787044,1914573,14546,109394536,22403116,2295496,24122,60615,11651000,7322066,4708150,3193378,9527807,2788642,5242797,60265259,8258057,199019,151323,3620849,8696496,108062,51000,4204065,86979283,238494,112597,262976,574855,1888853,20048000,96146336,116116,9161649,735400000,4671196,5829580,17941738,1242116,18811407,219369,252238,1654619,4670465,8230450,136682,9566,622566,9821040,76600311,114874,64728,4797381,3987090,12613389,1004333893,1137875812,1166227679,280229181,712077088,5495761,31613132,283803777,1150264,1308597,25377645,375563155,279159120,4580869,482358,49817041,36825,555748,3966700,8019658,24477,3916780,471753,570375,301517,8613651,98692,40500,4910790,81879,663241,3629900,2474523,189744990,4310701,4352949,10178653,2150132295,2608583276,458450981,140064295,103561105,318386686,50718,510992617,2888800,25398700,8553883,195570,2629000,52519000,1768803,1172770,98851000,11197568,9802605,,6299230,54428,29435571,565463,229988384,258225265,282750085,2550048939,1218319662,123155200,2393145155,113410132,216659000,875187633,10170872,218153165,13444048,1075580,809130400,102281,657382046,3266436,264705303,264754002,15916917,398861,3398664,990895866,335436332,246704898,113410132,657382046,264754002,8139,3398480280,1106000
7,1967,59522,158313235,10010030,113319950,5827503,1965598,15745,112499764,22757014,2355997,24848,61617,11799000,7376998,4832000,3274493,9580991,2843739,5330613,62104488,8310226,204916,158197,3673367,8785648,111411,52000,4295269,89323288,239238,117628,271339,578723,1930861,20412000,97043270,117430,9326268,754550000,4856689,5975087,18472105,1278312,19343961,224321,260648,1706062,4743053,8390962,138140,9771,627695,9852899,76951336,121168,65760,4835354,4108916,12897115,1030453856,1166092667,1194567141,283724914,718884137,5658446,32408414,285908171,1179554,1318946,26051596,378512582,285348867,4605744,494632,50334012,37234,564436,4005800,8216086,25047,3990760,485132,573380,308374,8684088,98977,41900,5047435,83480,675064,3722800,2547497,194742549,4338683,4432716,10216604,2199465757,2670092279,470626522,143768745,106260749,326857777,51731,521987069,2902450,26133341,8848502,198751,2745000,52900500,1790580,1265680,99879000,11491228,10201068,,6426445,54990,30130983,621242,236176636,265030167,290061165,2610858879,1246291107,126678043,2449880184,116518346,219176000,885770688,10357064,223721654,13821409,1102445,817080267,105995,672401853,3354611,271583274,271633185,16202562,409638,3461664,1016638561,339584994,253315340,116518346,672401853,271633185,8337,3468370526,1135000
8,1968,59471,162875171,10247780,115921723,5868203,2022272,17079,115729597,23112971,2416461,25608,62658,12009000,7415403,4948500,3352397,9618756,2901218,5422119,63995652,8369603,210801,165456,3723067,8874552,114825,53000,4389249,91659246,239905,122764,280102,582655,1975257,20744000,97884022,118707,9491502,774510000,5050106,6127193,19022799,1316130,19872503,229971,269408,1756333,4813958,8550286,140298,9981,632452,9876346,77294314,127668,66865,4864883,4230877,13190975,1057594845,1195278339,1224255729,287193204,725451120,5825663,33204629,287907506,1209602,1331214,26778653,381280912,291730814,4626469,505979,50817020,37630,573611,4042300,8418152,25610,4067333,499151,583475,315325,8740765,99056,43400,5184095,85046,685887,3802700,2622982,199980949,4365628,4514006,10255815,2250275429,2733532608,483257179,147587480,109138723,335669699,52910,533431909,2915550,26875302,9156132,201488,2803000,53235750,1812209,1366644,101011000,11777849,10613877,,6553109,55511,30838302,681117,242412816,271885703,297680657,2673666819,1275030950,130258116,2508410677,119706733,221503000,896137038,10557555,229504001,14216305,1128479,824785271,109832,688013461,3443251,278745760,278796894,16499992,420373,3526770,1043384828,343653318,259977374,119706733,688013461,278796894,8649,3540164023,1163000
9,1969,59330,167596160,10494489,118615741,5928386,2081695,18449,119061868,23472028,2476359,26396,63742,12263000,7441055,5063300,3424429,9646032,2961166,5515747,65866908,8434172,216696,172745,3770376,8960304,118145,54000,4486098,94000381,240594,128012,289296,586737,2021519,21028000,98606630,119884,9656299,796025000,5255149,6286232,19583123,1355699,20392264,236002,278524,1805968,4883868,8709654,142581,10181,636821,9896580,77909682,135390,68007,4891860,4352954,13491016,1086458654,1225287413,1255933616,290573749,731787358,5997037,33995955,289911679,1240562,1345249,27530388,383958527,298251790,4623785,516952,51272683,38011,584628,4080300,8629855,26162,4145194,513686,587880,318846,8772764,98975,44900,5320100,86534,695919,3863900,2701381,205388448,4391490,4596642,10298723,2303176093,2799372212,496196119,151541193,112149246,344654926,54099,545314670,2932650,27643685,9476737,203369,2877000,53537950,1834615,1466428,102219000,12042478,11039551,,6679708,56324,31544266,743044,248701446,278797542,305463862,2738979549,1305235738,133970600,2569346894,122973346,223759000,906483797,10758492,235497996,14605481,1154784,832436871,113803,704112818,3530958,286159536,286211901,16797144,431366,3595152,1071859681,347522680,266691786,122973346,704112818,286211901,9117,3614572835,1191000
10,1970,59106,172475766,10752971,121424797,6029700,2135479,19860,122475578,23842803,2534377,27075,64517,12507000,7467086,5172050,3497834,9655549,3023443,5611666,67541860,8489574,222555,179129,3815561,9040000,120905,55000,4585693,96369875,241397,133343,298894,592244,2067356,21324000,99134548,121003,9820481,818315000,5477086,6452787,20151733,1396989,20905254,242351,287262,1855697,4953314,8869636,144739,10533,640804,9858071,78169289,144379,68895,4928757,4475871,13795915,1116182140,1255661025,1288490485,293778738,737398504,6172215,34781986,291544661,1272748,1360076,28308246,386116472,304912795,4606307,527634,51724116,38416,597192,4119900,8861895,26685,4222374,528731,591663,316955,8792806,98794,46400,5455197,88300,705261,3959000,2782753,210973069,4412252,4680812,10337910,2357214919,2866379293,509164374,155624492,115228394,353539882,55298,557501301,2957250,28449705,9811347,204438,2974000,53821850,1859091,1557374,103403000,12265305,11473087,,6708525,57437,32240827,802786,255049279,285779012,313150585,2805572550,1336152939,137811201,2631440985,126316235,226431000,916668377,10967380,241726476,14996879,1180979,839994662,117891,720399195,3619090,293846963,293900563,17101673,442865,3667394,1101191924,351105688,273465688,126316235,720399195,293900563,9581,3690209960,1219000
11,1971,58816,177503186,11015857,124336039,6177049,2187853,21322,125979765,24223379,2590923,27593,64769,12937000,7500482,5282950,3582070,9673162,3088381,5707793,68376204,8536395,230992,184435,3859242,9115576,123091,54600,4688267,98766288,242350,138666,308837,604139,2111224,21962032,99635258,122162,9984378,841105000,5718867,6627350,20712952,1440159,21405413,249066,293505,1905486,5023876,9025709,147389,11117,644413,9826815,78312842,154225,69430,4963126,4599841,14110271,1146525253,1285672098,1322732627,296973298,742959749,6350944,35555969,293192129,1306234,1376955,29099594,388229403,311811738,4612124,538000,52185222,38861,609693,4163000,9108878,27069,4298087,544317,594501,311952,8831036,98535,47200,5589563,90505,713904,4045300,2867501,216706865,4431275,4766423,10367537,2412347838,2933804351,521456513,159733122,118347135,361723391,56431,569999178,2992050,29273682,10154928,206098,3069000,54073490,1886143,1636320,105697000,12444338,11898457,,6696324,58535,32882704,858734,261469430,292852914,320137304,2872595869,1367659433,141732410,2693866552,129707914,229677632,928686457,11192773,248182949,15381626,1206288,849355911,122108,736135444,3708010,301784530,301839225,17422937,454913,3742534,1131150405,354649640,280321723,129707914,736135444,301839225,9813,3767930001,1247000
12,1972,58855,182599092,11286753,127364044,6364731,2243126,22832,129605560,24612794,2648048,28063,64695,13177000,7544201,5391450,3579195,9711115,3156408,5805283,69346705,8576200,243143,189181,3901895,9188968,125054,54200,4793804,101194394,243458,143886,319128,626601,2153613,22218463,100357161,123348,10145765,862030000,5979984,6809468,21273409,1485274,21898055,256187,296818,1955547,5090052,9169289,147710,11778,647620,9867632,78688452,165234,69870,4991596,4724801,14439748,1175156192,1316555228,1354211283,300232316,749086046,6533630,36330768,295189531,1340838,1392518,29891328,390859355,318912229,4639657,547918,52637888,39304,622289,4205300,9365952,27323,4372212,560553,595950,305362,8888628,98225,48300,5723759,92815,721994,4123600,2956021,222495959,4450564,4853117,10398489,2466417742,3000609403,534191661,163971973,121504145,370219688,57419,582837973,3036850,30111574,10507315,209137,3148000,54381345,1915299,1704787,107188000,12611997,12322903,,6766289,59606,33505406,913785,267987160,300036114,327434877,2938844718,1397522486,145744541,2755509848,133164152,232168663,939481333,11434859,254807021,15768363,1230989,857312419,126457,752397791,3798109,309907107,309963136,17755900,467512,3824399,1159394712,358396487,287293125,133164152,752397791,309963136,9907,3843607574,1278000
13,1973,59365,187901657,11575305,130563107,6578230,2296752,24393,133384981,25020588,2706852,28529,64463,13380000,7586115,5493900,3571450,9741720,3227380,5907742,71144818,8620967,256632,193563,3943152,9257272,126875,53800,4902248,103666904,244643,149065,329800,657246,2195905,22491777,101112680,124465,10307842,881940000,6257373,6998688,21853906,1532069,22396318,263728,299191,2006247,5150123,9297924,146912,12443,650705,9922266,78936666,177327,70334,5021861,4851183,14786469,1202812613,1349249410,1384704173,303473218,755000965,6720443,37120776,297059919,1376516,1405951,30694316,393386261,326245504,4666081,557244,53053660,39746,635288,4242500,9637197,27558,4445207,577488,603203,298050,8929086,97886,49000,5858466,95100,729865,4241600,3046715,228507880,4470161,4940710,10432055,2520234213,3068507571,548273358,168493744,124709058,379779614,58325,596107483,3085950,30981898,10872139,212317,3278000,54751406,1945320,1767414,108707000,12789985,12760405,,6852360,60598,34103149,970527,274614064,307345195,335785808,3006125509,1426459153,149964066,2818048781,136734072,234454577,949978422,11695530,261772896,16128122,1255419,864799662,130883,770083670,3890639,318407872,318464764,18101072,480668,3912905,1186691481,362136260,294397324,136734072,770083670,318464764,10018,3920017410,1308000
14,1974,60028,193512956,11869879,133953892,6802494,2350124,26003,137372356,25449754,2767646,29012,64218,13723000,7599038,5594100,3660032,9772419,3301276,6018141,72947807,8678745,270627,197767,3983063,9317584,128620,53400,5013765,106167372,245851,154314,340842,691569,2239305,22807969,101939916,125486,10472743,900350000,6548923,7194697,22448415,1580280,22897871,271719,301682,2058235,5208944,9413105,148351,13118,648585,9988459,78967433,191389,70822,5045297,4978582,15153602,1228909243,1382608576,1413718269,306715687,760680926,6911123,37930374,298719155,1413220,1418169,31488613,395778659,333958141,4690574,566296,53415250,40189,648922,4279500,9918979,27779,4517073,594904,623576,290558,8962022,97528,49500,5994300,97329,737701,4377800,3136539,234861273,4490660,5030652,10478720,2573217828,3136139717,562921889,173258876,127945196,389663013,59179,609721951,3137500,31895534,11243146,215209,3377000,55110868,1974880,1827584,110162000,12972497,13203949,,6913408,60953,34692266,1030426,281334755,314759757,344428047,3073026310,1453964650,154334030,2879964467,140444545,236715369,960279174,11973174,269215218,16437002,1280025,872040235,135349,788213169,3984049,327408911,327466848,18462143,494624,4000559,1212479337,365914675,301621143,140444545,788213169,327466848,10146,3995888368,1339000
15,1975,60715,199284304,12157386,137548613,7032713,2404831,27640,141756318,25875558,2830798,29573,64035,13893000,7578903,5689050,3749232,9800700,3378703,6138444,74700345,8720742,285116,201881,4022090,9367000,130801,53000,5127776,108700515,247090,159653,352269,727930,2283927,23143275,102860571,126393,10639531,916395000,6853981,7397417,23052715,1624935,23403731,280036,304375,2111850,5266374,9514305,149129,13791,644982,10058620,78673554,208582,71300,5059862,5106453,15724692,1252485369,1416414404,1439944265,309908273,766169722,7105786,38775584,300215183,1450867,1429352,32252783,398096151,341954459,4711440,575804,53715733,40626,663340,4311200,10209848,27973,4588006,612909,659635,283262,9046541,97165,49600,6131151,99478,745590,4461600,3231631,241415576,4512082,5124560,10540525,2624579934,3202366239,577786305,178302609,131213215,399483696,59949,623524219,3189550,32856976,11617622,217979,3455000,55441001,2003094,1886636,111573000,13158942,13651908,,6727922,60675,35280725,1095998,288125444,322249100,352974187,3138386170,1479273067,159064212,2940207694,144500701,239169275,970331948,12277843,277019356,16723252,1305437,878923921,139833,806592758,4076751,336773625,336832917,18849654,509535,4084110,1235769316,369729137,308941410,144500701,806592758,336832917,10282,4070022249,1369000
16,1976,61193,205202669,12425267,141258400,7266780,2458526,29294,146815543,26290257,2896311,30198,63990,14033000,7565525,5781000,3830889,9818227,3460329,6269765,76380080,8758599,300044,206096,4060039,9411000,133471,53200,5244355,111286504,248359,165064,364119,766424,2318349,23449808,103776068,127052,10804869,930685000,7142690,7598028,23655016,1665418,23913002,288810,307015,2167544,5322281,9600862,149399,14456,648868,10125939,78336950,229304,71748,5072596,5235318,16500516,1274263611,1450710647,1464087148,313279489,771592697,7304349,39649050,301525335,1489656,1439576,33062216,400211366,350470843,4725664,586607,53966558,41054,678660,4342400,10509006,28162,4658743,631894,701016,276000,9188150,96781,49700,6269983,101590,753553,4518000,3334814,248105304,4535934,5222342,10598677,2675380390,3268150880,592770490,183596504,134521025,409173986,60701,637451448,3238050,33841060,11999342,220154,3533000,55718260,2029486,1945141,112775000,13346173,14102268,,6307122,60310,35848523,1168791,294984501,329807630,361378199,3203257143,1503509107,164465177,2999857406,149188764,241538008,979795121,12602416,285016249,16987170,1332485,885095643,144356,825140213,4166890,346400565,346461069,19257182,525457,4163051,1257283747,373723357,316353730,149188764,825140213,346461069,10428,4143091942,1400000
17,1977,61465,211120911,12687301,145122851,7511895,2513546,30949,151960544,26713780,2965523,30816,64117,14192000,7568430,5876150,3927428,9830358,3546454,6416569,78137788,8804183,315337,210534,4096516,9463000,136183,53400,5363917,113939886,249663,170560,376387,806968,2342048,23725843,104616884,127425,10969861,943455000,7415900,7796825,24256464,1706181,24443926,298152,309389,2225630,5377263,9672546,149459,15116,656414,10186755,78159814,253083,72142,5088419,5365074,17134192,1294858852,1485833546,1486953865,316709884,776918691,7506665,40577356,302746591,1529802,1450211,33695018,402170665,359057264,4738902,599289,54221988,41481,694931,4372100,10825496,28337,4730375,651934,746588,271377,9308479,96329,49400,6412667,103676,761378,4583700,3441122,254798463,4559571,5323827,10648031,2725378600,3333671715,608293115,189140778,137861540,419152337,61506,651685628,3282200,34876497,12400190,221799,3613000,55955411,2054927,2005418,113872000,13543521,14577346,,6040197,59894,36411795,1247225,302010242,337531513,370063476,3267883331,1526366884,169960807,3059291091,153922894,244018243,989288517,12942771,293346289,17231389,1361037,891148506,149007,844199483,4256699,356181976,356243762,19681071,542328,4238551,1277634904,377714601,323956071,153922894,844199483,356243762,10578,4215826364,1430000
18,1978,61738,217481420,12938862,149206663,7771590,2566266,32574,156741680,27146121,3038224,31428,64329,14358000,7562305,5976150,4039410,9839534,3636927,6577779,80007550,8814032,330912,215016,4131521,9525000,138933,53600,5486132,116664382,251009,176176,389072,849394,2365957,23963203,105329397,127667,11137748,956165000,7700816,8013279,25015244,1747207,25003608,307938,311685,2286210,5432222,9729986,148341,15746,663975,10242098,78091820,278425,72478,5104248,5495443,17632645,1315761974,1521983049,1510060320,320113560,782220413,7712718,41576636,304018977,1571193,1460188,34259065,404056840,367505626,4752528,613611,54486195,41965,712135,4397700,11163230,28485,4804926,672974,794328,270866,9429959,95811,49200,6561919,105710,768609,4667500,3550368,262035002,4581085,5428667,10684822,2775385281,3400306889,624921608,194898741,141250964,430022867,62333,666267760,3329100,35993661,12819707,223537,3690000,56155143,2080485,2069104,114913000,13750291,15087423,,5961193,59465,36969185,1329074,309220692,345450768,379602942,3333664297,1548637582,174922290,3119391445,158089953,246601803,998939909,13283747,302442287,17472094,1390769,897250576,153745,863852185,4346522,366625933,366688083,20106738,560236,4313479,1298297421,381611709,331767538,158089953,863852185,366688083,10727,4289795862,1460000
19,1979,62006,224315978,12986369,153459665,8043218,2617832,34142,162014425,27584134,3097058,32045,64609,14514000,7549425,6071300,4137437,9848382,3732394,6749939,81908151,8825940,346697,219426,4165511,9584000,141823,53800,5610380,119447303,252334,181951,402063,893500,2390329,24201544,105948616,127850,11304331,969005000,7996368,8243377,25902760,1788218,25579323,318123,313995,2349258,5486916,9774711,147851,16378,671611,10292341,78126350,302856,72768,5116801,5625864,18166981,1336893795,1559348459,1533514709,323503833,787502492,7922490,42632458,305309331,1613829,1468333,34758823,405879948,376328233,4764690,628859,54753575,42506,730188,4430200,11515675,28618,4885199,695155,821598,273925,9548258,95242,49600,6720582,107790,774482,4929700,3662736,269571043,4594778,5536423,10704152,2826107994,3468586480,642478486,201038256,144693087,441440230,63172,681248383,3373750,37205013,13233830,225735,3786000,56317749,2106937,2138078,115890000,13957795,15620613,,6051808,59775,37534236,1412266,316512545,353452209,389654865,3401137532,1570920160,180155296,3180906645,162482818,249310344,1008706437,13615223,311978056,17719172,1422213,903640940,158563,884031584,4433041,377712957,377775643,20524352,579091,4402942,1319182209,385436316,339677910,162482818,884031584,377775643,10876,4365742277,1491000
20,1980,62267,230967858,12486631,157825609,8330047,2671997,35611,167707208,28024803,3135123,32886,64889,14692000,7549433,6160500,4312834,9859242,3833939,6932967,83929765,8861535,362595,223752,4199820,9643000,145133,54670,5736088,122288383,253575,187921,415257,938578,2415276,24515667,106541316,127984,11469828,981235000,8303810,8519891,26708686,1829256,26176195,328328,317234,2414303,5544061,9809107,148041,17100,679327,10304193,78288576,324121,72978,5123027,5755800,18739378,1357581175,1598348344,1556403010,326937470,792890531,8135845,43748556,306668989,1657982,1477219,34945469,407760829,384851768,4779535,644582,55052582,43054,749078,4467700,11865246,28734,4972609,718586,831462,282509,9642505,94838,50200,6890346,110286,778176,5063100,3777990,276049311,4599782,5646676,10711122,2877606021,3537803261,660197240,208214579,148177096,451982661,64022,696828385,3412800,38520664,13653369,228138,3878000,56433883,2135546,2216903,116807000,14172710,16187124,,6198959,60813,38123775,1493870,323797061,361451180,398831237,3469528886,1593099029,186021685,3244431209,167489905,251795337,1018252563,13944253,320890339,17973650,1454737,909780809,163591,904993069,4508992,388730206,388793467,20943051,598564,4408230,1339615160,389318684,347592976,167489905,904993069,388793467,11109,4442348279,1521000
21,1981,62614,237937461,11155195,162323313,8631457,2726056,36987,173118753,28471285,3167876,34059,65076,14923260,7568710,6257750,4490743,9858982,3941569,7123730,86154836,8891117,377430,227956,4235970,9710000,148764,55050,5862990,125168060,254684,194099,428641,982747,2441010,24819915,107129392,128510,11637613,993885000,8621621,8829048,27457783,1870540,26785982,337986,321634,2481334,5604584,9848560,148629,17904,687170,10300591,78407907,341316,72932,5121572,5885244,19351357,1378941521,1639825731,1580048609,330361478,798088129,8352602,44899573,307893389,1703789,1487666,35818844,409490677,392898821,4799964,660630,55371044,43613,768904,4504500,12212960,28819,5067427,742846,844957,296950,9729350,95222,51000,7071186,113221,779686,5183400,3895736,282020641,4611509,5760197,10711848,2930839842,3609060683,678220841,215974148,151686337,462246693,64558,712869298,3453000,40476251,14067260,230755,3956000,56501675,2166657,2306655,117661000,14397391,16785962,,6364472,61875,38723248,1573026,330950954,369321289,407724663,3539933936,1615957004,192641039,3310520203,173266699,254340965,1027442087,14271696,328651565,18235202,1487956,915881806,168892,926216545,4549173,400196739,400260774,21364236,616210,4409225,1360714010,393224644,355378011,173266699,926216545,400260774,11472,4520917350,1552000
22,1982,63116,245386717,10088289,167023385,8947152,2784278,38598,178587926,28922762,3202011,35367,65231,15184247,7574140,6357550,4602271,9856303,4054385,7321817,88555336,8917457,391017,232177,4274013,9776000,152409,55449,5991118,128065095,255642,200630,442201,1023009,2467635,25116942,107730380,129614,11807408,1008630000,8948119,9046986,28219219,1911634,27405194,347053,326319,2550780,5666254,9908874,150101,18729,696227,10314826,78333366,355110,72626,5117810,6014979,20000096,1402554740,1682434337,1605925794,333758267,802876253,8572607,46088647,308788172,1751045,1498414,37213393,410875285,401556230,4826933,676967,55694106,44164,789585,4542800,12584976,28863,5170731,768272,858630,315741,9789513,96534,51500,7262658,116189,779639,5264500,4015647,289043160,4634234,5877684,10705535,2986590983,3683951411,697360428,223423864,155228658,473936564,64654,729169466,3485800,42500030,14467682,233860,4031000,56543548,2199606,2406349,118480000,14634179,17411491,,6619699,62977,39326352,1652921,338095672,377189872,418029153,3613996536,1640893480,199419033,3379188219,179198278,256836391,1036208122,14609237,336918508,18502087,1521474,921481239,174343,948043890,4599904,412345689,412410102,21796965,634439,4622828,1384060325,397098723,363140093,179198278,948043890,412410102,11889,4602701335,1582000
23,1983,63683,252779730,9951449,171566640,9276707,2843960,40432,184342569,29377137,3238291,36735,65408,15393472,7561910,6459800,4726506,9855520,4171526,7531184,91045478,8939738,404772,236586,4312521,9843000,156053,55930,6120620,130977370,256505,207523,456033,1060717,2495097,25366451,108297837,130881,11976513,1023310000,9282050,9240672,29005175,1951851,28042329,356137,330971,2622532,5727558,9984591,151159,19572,707477,10323856,78128282,367726,72269,5114297,6147213,20682111,1426256004,1724928292,1631735726,337282816,807523838,8795873,47353665,309428033,1799814,1508745,38235187,411956706,410791308,4855787,693593,55992656,44669,811098,4582900,12984131,28855,5282274,795563,872394,336744,9846627,98177,52100,7462585,119067,778372,5345100,4137784,296920640,4658254,5997739,10689463,3042642812,3759700941,717058129,230352378,158790611,486705751,64598,745826546,3510600,44027986,14903737,236977,4105000,56564074,2232782,2514785,119307000,14885966,18069461,,6881962,64121,39910403,1736028,345367369,385189898,429385050,3688958642,1665773694,205927091,3447961666,184832095,259214381,1044699000,14959682,346223339,18771363,1555359,926626734,179042,970938323,4689680,424282035,424346370,22242599,655505,4859173,1407492473,401073356,371018324,184832095,970938323,424346370,12315,4684875627,1614000
24,1984,64174,260209149,10243686,176054495,9617702,2904429,42181,190162096,29832197,3272102,38168,65362,15579391,7561434,6567850,4842268,9855372,4293070,7751476,93534239,8960679,419217,241166,4349597,9910000,159721,56423,6251926,133888775,257279,214682,470165,1099170,2523538,25607053,108838073,132154,12147758,1036825000,9621405,9508570,29879852,2001739,28689032,365664,335473,2696200,5785882,10065539,151940,20433,719678,10330213,77858685,382156,71936,5111619,6282104,21393530,1448880261,1767765290,1656258164,341087935,812373901,9022979,48676443,309939418,1849594,1518617,39202890,412891310,420442959,4881803,710561,56275701,45135,833417,4622200,13342487,28788,5402084,824798,886210,357995,9895801,99618,52700,7669863,121885,776007,5397900,4261919,305097813,4680285,6119932,10668095,3098522669,3835415425,736892756,237102216,162331962,499790540,64500,762895156,3532423,45628402,15377032,239511,4159000,56576718,2264095,2629939,120083000,15147590,18753176,,7133899,65338,40405956,1813986,352669319,393227113,441083473,3763902990,1689771008,212683895,3516454684,190720860,261488476,1052818983,15318328,356024795,19045154,1590087,931426792,183146,994345688,4782219,436198927,436263644,22694297,677303,4920556,1429843232,405312901,378929100,190720860,994345688,436263644,12753,4766640881,1647000
25,1985,64478,267938123,10512221,180817312,9970621,2964762,43809,195956917,30287112,3300896,39663,65048,15788312,7564985,6670150,4948024,9858308,4419552,7979185,95959099,8960547,434375,245935,4383306,9975000,163436,56898,6385630,136783180,257911,222119,484528,1138704,2553075,25842116,109338285,133450,12326396,1051040000,9964075,9804254,30800051,2062555,29326260,375650,339874,2771463,5841960,10149044,152711,21313,731664,10337118,77684873,400709,71596,5113691,6417798,22132905,1472149294,1811272313,1681267266,344882487,817313920,9254311,50035843,310521622,1899243,1528781,40285965,413866961,430359853,4902206,727461,56569195,45575,856482,4662900,13651443,28674,5531661,855958,900088,378379,9934300,100576,53200,7884034,124675,772671,5456200,4387693,313452117,4701417,6245539,10648713,3155346593,3912715182,757368589,244392341,165791694,512976248,64376,780242084,3538082,47266160,15753856,241405,4233000,56593071,2292030,2751492,120837000,15413315,19452161,,7376090,66708,40805744,1888975,359944435,401251731,452925370,3840450224,1714481164,219522781,3586381209,196641041,263823014,1060967506,15695954,366116135,19325487,1625232,936237496,187578,1018142776,4876757,448690191,448755435,23163146,702400,4967590,1452832120,409518788,386825022,196641041,1018142776,448755435,13202,4850076923,1682000
26,1986,64553,276035920,10448442,185720244,10332574,3022635,45605,201916517,30748326,3327182,41221,64712,16018350,7569794,6770300,5041706,9861823,4551382,8207827,98271746,8958171,450196,250804,4413374,10043000,167191,57382,6521983,139643355,258370,229815,499151,1179263,2583631,26100278,109824166,134808,12514502,1066790000,10309440,10112712,31725132,2124863,29960101,386068,344271,2847849,5894393,10235480,152662,22195,743446,10342227,77720436,424286,71215,5120534,6554325,22882553,1496890002,1855624329,1707611028,348685710,822429830,9490096,51424313,311282260,1949611,1540190,41455309,414996545,440195317,4918154,742658,56865193,46011,880340,4704500,13971682,28506,5671380,888980,914122,397276,9967213,100893,53500,8104921,127462,768508,5524600,4515568,321846502,4721446,6375097,10630564,3214034939,3992266322,778231383,252086615,169135273,526144768,64663,797878993,3539690,48913237,16148221,243180,4299000,56596155,2315871,2879799,121482000,15721289,20160879,,7661317,68266,41213674,1968093,367182475,409259052,464719751,3919271237,1740698024,226490767,3658612764,202653537,266290660,1069253878,16087519,376136620,19613038,1659314,941302405,192196,1042169001,4970788,461690512,461756164,23641226,730150,5118160,1477285491,413700116,394702013,202653537,1042169001,461756164,13656,4936006502,1717000
27,1987,64450,284490394,10322758,190759952,10694057,3083605,47635,207894127,31216453,3351364,42842,64353,16263874,7574586,6875350,5157769,9870234,4688787,8434996,100490256,8971359,466565,255618,4440300,10111000,170980,57849,6661434,142466264,258654,237712,514026,1220361,2615594,26446601,110296425,136264,12712784,1084035000,10663498,10433905,32712574,2188654,30603048,396887,348718,2924595,5939439,10326910,151456,23075,755021,10347318,77839920,452272,70808,5127024,6692720,23586101,1523099223,1900589995,1735427884,352545820,827666924,9729376,52841319,312125526,2000355,1552221,42851957,416199247,450167244,4932123,754778,57168409,46477,905016,4743500,14310790,28272,5820774,923914,928408,414769,10000595,100599,54100,8332446,130259,763706,5580500,4645733,330566338,4739745,6508349,10612741,3274474604,4073992562,799517958,259986149,172421390,539531809,65554,815716125,3540057,50541490,16598019,245859,4369000,56601931,2336245,3014694,122069000,16072478,20882094,,7975597,69946,41621690,2048477,374403954,417266298,476678929,4000290312,1768376867,233512587,3732820721,208687611,268793450,1077596775,16485453,386270164,19903893,1691381,946544990,196856,1066371857,5067200,475181847,475250346,24116273,758669,5300852,1503204089,417903040,402575619,208687611,1066371857,475250346,14117,5024289346,1753000
28,1988,64332,292795186,10383460,195969722,11060261,3142336,49654,213455083,31690792,3366838,44532,63982,16532164,7585317,6974600,5271840,9901664,4831624,8663720,102688833,8981446,483337,260452,4463320,10140000,174817,58347,6804072,145253973,258762,245729,529051,1261272,2657235,26791747,110686740,137765,12918389,1101630000,11043193,10759573,33750052,2253336,31256727,408070,353233,3001461,5980371,10425433,149254,23956,766412,10355276,78144619,482337,70397,5129516,6834207,24243018,1549652503,1946149314,1763555005,356321047,832965846,9969788,54298446,313147164,2051546,1561900,44511537,417528527,460110602,4946481,764370,57472651,46959,930464,4790700,14671677,28000,5977175,960837,943080,431587,10036983,99877,54800,8566331,133079,758450,5627600,4778114,339527267,4755207,6644959,10596487,3335241965,4156275472,821033507,268068057,175694647,552965450,66636,833729681,3524949,52111868,16987346,249740,4442000,56629288,2354805,3157177,122578000,16430590,21626122,,8269780,71680,42031247,2129153,381662610,425320442,488634944,4081930110,1796192544,240428079,3807581492,214593293,271349094,1086103456,16892944,396251031,20197464,1721273,952006529,201740,1091004504,5170440,488696153,488764908,24594588,794434,5483038,1529464061,421958403,410490303,214593293,1091004504,488764908,14593,5113387878,1791000
29,1989,64596,301124880,10673168,201392200,11439498,3227943,51639,219021375,32165766,3448186,46288,63636,16814416,7619567,7076550,5373697,9937697,4979680,8895234,104893674,8876972,500349,265493,4481230,10170000,178695,58841,6949139,148003411,258759,253821,544209,1301671,2724109,27276781,110801640,139228,13128619,1118650000,11462943,11089222,34825891,2319177,31923117,419584,358150,3079001,6020383,10527187,146937,24888,777592,10361068,78751283,521104,69975,5132594,6980033,24889507,1575650445,1992092223,1791156275,359435266,837807042,10210185,55765843,314457467,2102131,1568131,46195954,418925771,470589503,4964371,772704,57766282,47490,956509,4803300,15052447,27688,6136166,999732,958239,448420,10089498,99224,55300,8805995,135759,752897,5686200,4913676,348860257,4767260,6784161,10481719,3395099883,4238116885,843017002,276216577,178949174,566800425,67740,852012673,3511009,53644736,17442590,252852,4518000,56671781,2373365,3310954,123069000,16249500,22387803,,8570928,73436,42449038,2210013,388933687,433393694,500927368,4163156247,1822788469,247406122,3881584969,220541237,274154622,1095110298,17344012,406731853,20494965,1749210,957909363,206571,1116147699,5270825,502447913,502517080,25113605,825952,5670619,1555164786,425325513,418420570,220541237,1116147699,502517080,15091,5202582534,1827000
30,1990,65712,309890664,10694796,206739024,11828638,3286542,53569,225923327,32637657,3556539,47818,63328,17065128,7677850,7175200,5483793,9967379,5133419,9131361,107147651,8718289,517418,270679,4494310,10189348,182589,59326,7096194,150706446,258868,261928,558442,1341474,2809221,27691138,110743128,140601,13342868,1135185000,11910540,11430520,35987541,2385435,32601393,431119,364563,3158253,6057836,10626680,145400,26027,788500,10333355,79433029,577173,69481,5140939,7129004,25518074,1601237332,2041043553,1818247576,361859039,842030509,10449837,57214630,315870845,2149960,1569174,47878073,420308868,483047361,4986431,780430,58044701,47479,983028,4802000,15446982,27317,6354145,1040616,973551,465549,10196792,99047,55600,9050115,138263,747116,5704500,5053234,358121820,4777368,6925331,10373988,3454425770,4319686835,865261065,284421830,182159874,580839235,68865,870452165,3513974,55793629,17658381,254826,4660000,56719240,2392030,3480587,123478000,16348000,23162269,,8910808,75124,42869283,1674938,396328556,441597528,513410293,4246144171,1847821462,256203998,3957384533,228846359,277373464,1104791543,17806417,417144782,20799523,1776243,964048985,211089,1141312704,5367179,516560181,516629688,25640496,854011,5827069,1580447407,427949024,426479901,226868111,1141312704,516629688,15617,5293395467,1862000
31,1991,67864,318544083,10745167,212172888,12228691,3266790,55434,230837072,33105763,3617631,48992,63634,17284036,7754891,7271300,5594828,10004486,5293046,9365064,109242834,8632367,535415,276058,4502386,10194050,186462,59021,7244891,153336445,259402,269860,567710,1380584,2898052,28037420,110469467,141557,13561945,1150780000,12369269,11777719,37194812,2452675,33272628,442277,372721,3239414,6100213,10713812,144403,27340,799061,10308578,80013896,628521,69141,5154298,7278402,26133905,1625903768,2088580891,1844603995,364392348,846364518,10686279,58611032,317411362,2039220,1561314,49937430,421744728,493847579,5013740,784832,58557577,46810,1009995,4835900,15843471,26988,6615734,1083536,993856,483142,10319927,99758,55500,9296814,140739,744096,5752000,5196887,367531126,4689022,7066055,10373400,3512455528,4400104121,887648593,292714523,185361228,594934070,69770,888941756,3534235,57990883,17846378,257797,4949000,56758521,2411867,3666379,123964000,16451711,23918235,,9259362,76612,43295704,1339500,403768603,449847635,525967892,4326435528,1871805819,263445808,4030332007,235243716,281077441,1115756696,18240116,427363888,21115534,1800161,971176019,215444,1166480561,5461070,530646532,530716971,26140490,889712,6042428,1604798136,430328718,434604864,233174871,1166480561,530716971,16090,5382536929,1898000
32,1992,70192,326933522,12057433,217966101,12632507,3247039,57283,236598334,33568285,3574555,50078,64659,17478635,7840709,7382050,5743085,10045158,5457778,9598555,111272102,8540164,554470,281973,4275730,10216470,190299,58595,7394419,155900790,260212,277416,545944,1420695,2991727,28371264,110111454,142011,13782297,1164970000,12838314,12128604,38332302,2520958,33939039,452990,381947,3321939,6152432,10783748,143912,28677,810431,10319123,80624598,623197,69112,5171370,7427340,26748303,1649253074,2134566607,1869453624,366266798,849816712,10914222,59989142,318746422,1921153,1533091,52011554,422972438,506292313,5041992,786859,58849943,46005,1037446,4873500,16241548,26945,6832195,1127152,1022904,501334,10399061,101040,55300,9544055,143173,744998,5800500,5344774,378502714,4575818,7205780,10369341,3567767393,4478741276,910973883,300471959,188558416,610501924,70307,907574049,3558430,59372016,18385673,261057,5123000,56797087,2434574,3866887,124425000,16439095,24655723,,9718215,77901,43747962,1620633,411115420,458008075,540073235,4404987014,1894353796,270652251,4099989442,241132429,284943859,1126417384,18570361,439447569,21439991,1822819,977958696,219621,1192390433,5552206,544828860,544899623,26545612,925165,6302926,1627823212,432000567,442658603,238968838,1192390433,544899623,16476,5470164577,1932000
33,1993,72360,335625136,14003760,223788766,13038270,3227287,59156,242994250,34027240,3457349,51174,65834,17634808,7905633,7494800,5555220,10084475,5706181,9840075,113418757,8472313,573755,288164,3942981,10239050,194177,58910,7544489,158440875,260995,284713,520838,1462262,3089146,28684764,110041924,142291,13998386,1178440000,13316448,12486773,39580844,2594168,34614735,463318,391749,3405372,6206775,10840934,144299,30038,825986,10329855,81156363,611231,69169,5188628,7576074,27354327,1671947065,2179380224,1893594516,367513928,852735458,11132829,61382200,320056200,1981419,1494128,53791672,424347768,519880341,5066447,789198,59106166,45096,1065390,4911100,16643633,27118,7046097,1168309,1056761,520236,10460415,102173,55200,9790619,145541,747189,5901000,5496841,390576688,4600463,7345940,10357523,3621503071,4556953494,935450423,308233041,191737287,627217382,70710,926351297,3576261,59755430,19295818,263725,5261000,56831821,2459062,4075759,124829000,16380672,25391830,,10243550,79093,44194628,1653645,418431327,466139063,555402795,4482824315,1915623786,276897626,4168150828,246410264,288662674,1136605361,18881697,453282283,21773017,1846876,984265557,223714,1219180082,5630987,559341649,559413902,26935348,953451,6448280,1650184274,433339079,450688569,244147588,1219180082,559413902,16855,5556623321,1965000
34,1994,74710,344418362,15455555,229675775,13462031,3207536,61037,249596194,34488696,3373713,52288,67072,17805468,7936118,7596550,5586408,10115603,5923394,10091256,115614891,8443591,593254,293997,3762330,10226955,198416,59320,7693722,160980472,261712,291935,521260,1503544,3187844,29000663,110021594,142466,14210674,1191835000,13802285,12848862,41511985,2669220,35295461,473478,401655,3489152,6261744,10887207,144630,31418,844444,10333587,81438348,623477,69198,5206180,7723934,27937006,1694420555,2223076958,1917553356,368354275,854892657,11347652,62775847,321026530,2042500,1462514,55620211,425406851,534413493,5088333,790803,59327585,44131,1093611,4836076,17040854,27282,7262112,1205882,1089617,539992,10512922,103174,55500,10037522,147843,749546,6035400,5652934,402287229,4652024,7486091,10343355,3674720648,4634770438,960049790,316476824,194928533,643572966,71094,945261958,3590386,59985749,20248073,266021,5399000,56843400,2484182,4278166,125178000,16145766,26133744,,10636353,80264,44641540,1641106,425740147,474258790,570349227,4560256953,1936398016,282903612,4236408990,251564545,292185983,1146214585,19221949,468345219,22105225,1870257,989907298,227682,1246157499,5693038,574019932,574094137,27353950,953737,6592998,1672325604,434279162,458715789,249198247,1246157499,574094137,17255,5642046034,1997000
35,1995,77050,353466601,16418912,235861484,13912253,3187784,62928,255803349,34946110,3322782,53401,68398,18004882,7948278,7684850,5932783,10136811,6046511,10353263,117793338,8406067,612934,299554,3750527,10193831,203556,59746,7841471,163515328,262303,299097,527536,1543634,3276706,29302311,109864246,142559,14416796,1204855000,14299727,13211647,43285791,2742309,35970101,483760,411382,3572856,6319517,10926703,145139,32802,862418,10327253,81678051,629619,69201,5233373,7869753,28478022,1716327374,2267616622,1940892820,368905312,856511549,11561683,64166908,321810273,2157220,1436634,57476536,426212138,548545703,5107790,792246,59543659,43805,1121964,4657722,17438874,27412,7468347,1242155,1117222,560740,10562153,104060,55800,10286786,150094,751689,6156100,5812832,413913354,4620030,7627316,10328965,3727380975,4712144657,984763682,324995506,198140162,659768176,71454,964279129,3608841,60794809,20948858,267468,5545000,56844303,2509372,4458195,125472000,15816243,26878347,,10919528,81481,45092991,1655222,433010808,482331291,585085744,4637327736,1956331335,289154944,4304146732,256953719,295640057,1155551702,19547007,483031809,22385536,1892547,995212216,231446,1272877742,5748195,589252781,589328085,27759071,953573,6888856,1693952154,434804610,466703013,254479053,1272877742,589328085,17674,5726736488,2029000
36,1996,79417,362985802,17106595,242200260,14383350,3168033,64147,261953764,35389362,3298898,54500,69798,18224767,7959017,7763000,5930507,10156637,6203860,10621210,119876868,8362826,632756,304933,3907751,10159569,209840,60129,7989367,166037122,262793,306196,537494,1582169,3363570,29610218,109626194,142898,14615483,1217550000,14810946,13575324,44118709,2816595,36632573,494288,421007,3656234,6376465,10963031,146306,34194,880058,10315241,81914831,644649,69166,5263074,8012314,28984634,1737860521,2314334474,1964042971,369661127,858209225,11775221,65565195,322570180,2264073,1415594,59347649,426906931,560925893,5124573,796538,59756533,44138,1150601,4491699,17844010,27491,7683115,1279070,1140604,582573,10608800,104846,55900,10536942,152261,753571,6435500,5976550,425839678,4557097,7770593,10311238,3779600328,4789545395,1009945067,333878799,201373791,676066268,71981,983281218,3637510,61598378,21639332,268916,5692000,56860281,2532894,4608676,125757000,15578227,27615736,,11182612,82832,45524681,1703318,440183193,490304061,599913754,4714457805,1975855844,295366235,4371426694,262236018,299064347,1164716390,19901069,495937962,22614347,1917072,1000693857,235189,1299407301,5797140,605109645,605186062,28194606,973587,7200291,1715256519,435461598,474585894,259648021,1299407301,605186062,18120,5811580202,2059000
37,1997,81858,372352230,17788819,248713095,14871146,3148281,64682,268158920,35815971,3271418,55578,71218,18423037,7968041,7838250,5923862,10181245,6387026,10897353,122039226,8312068,652643,310171,4047748,10117433,217117,60497,8137619,168546707,263224,313215,546865,1619354,3458472,29905948,109422013,143549,14809289,1230075000,15335453,13941181,44822198,2875037,37291946,505033,430654,3739421,6430969,10998129,146956,35579,897471,10304131,82034771,667786,69081,5284991,8150076,29476031,1759221230,2361095210,1986768093,370276347,859711482,11987838,66993728,323308056,2291561,1399535,61233480,427549432,573118372,5139835,804572,59969944,44495,1179806,4349913,18268040,27564,7842806,1317002,1162443,605570,10661259,105549,56000,10788362,154330,755211,6489300,6144112,437721228,4534920,7915172,10290486,3831608284,4866752668,1035144384,342814697,204628007,692329687,72793,1002335230,3674171,62480533,22330770,271128,5836000,56890372,2554954,4733665,126057000,15334405,28364264,,11431569,84308,45953580,1761468,447290040,498199382,614755340,4791350281,1995080443,301680248,4438594720,267566671,302623445,1173865390,20269198,508962926,22827373,1945783,1005936747,239036,1326007987,5842638,620988006,621065325,28645950,990734,7450874,1736404220,436014905,482400078,264860153,1326007987,621065325,18591,5896055962,2086000
38,1998,84355,381715600,18493132,255482918,15366864,3128530,65186,274376380,36233195,3240550,56603,72572,18607584,7976789,7913000,6035340,10203008,6584183,11201063,124350471,8256786,672484,315398,4115059,10071963,224907,60943,8286928,171039804,263642,320152,557143,1655699,3555064,30155173,109238340,144211,14996742,1241935000,15858990,14314599,45895524,2937166,37944414,515959,440214,3821421,6484492,11033758,144472,36947,914660,10294373,82047195,694920,68938,5304219,8282126,29924668,1779787562,2407186134,2008680261,370591102,860876126,12199693,68446011,323978576,2322753,1386156,63136493,428122323,585815261,5153498,813947,60192790,44865,1209832,4243607,18714708,27636,7992545,1356189,1184071,629734,10720509,106200,56100,11046215,156357,756697,6543700,6308537,449883034,4532135,8060896,10266570,3882839036,4943424234,1060585198,351849692,207855486,708735506,73727,1021434576,3712696,63461421,23053488,274047,5971000,56906744,2576567,4844403,126400000,15071640,29137373,,11669077,85805,46286503,1819544,454334962,506010566,629930825,4867621521,2013531302,308041622,4505163245,272938873,306070116,1182690089,20646215,523022619,23023636,1976146,1010875500,242882,1352849350,5885083,637119672,637198518,29106853,1005158,7709115,1756774303,436294062,490145696,270162305,1352849350,637198518,19079,5979726559,1966000
39,1999,86867,391486231,19262847,262397030,15870753,3108778,65655,280650496,36653031,3206030,57594,73821,18812264,7992324,7982750,6180180,10226419,6788589,11533554,126754824,8210624,692133,320272,4153014,10026738,232733,61285,8439052,173486281,264170,327045,570990,1691558,3655360,30401286,109060951,144811,15176410,1252735000,16345894,14698973,47227238,3016659,38585033,526443,449627,3901430,6535399,11070094,139428,38295,931600,10283860,82100243,719371,68698,5321799,8411374,30346083,1799013672,2452952807,2028993034,370546751,861848594,12412046,69907887,324784751,2356477,1390244,65077579,428828749,599148682,5165474,823422,60504420,45203,1240764,4157192,19176791,27695,8174897,1396499,1206474,655029,10761698,106823,56100,11311078,158395,758014,6606500,6477365,462533086,4512597,8208941,10237530,3932457638,5019066614,1086608976,361007750,210996910,725601226,74668,1040500054,3754786,64474745,23820734,277381,6125000,56916317,2596271,4950775,126631000,14928374,29965129,,11899006,87289,46616677,1877427,461289769,513714410,645681010,4942884760,2030612791,314472124,4570304767,278356861,309502571,1191524686,21041578,537918075,23204498,2006341,1015710581,246821,1379874856,5923852,653802851,653883261,29583318,1018370,7981889,1775819557,436191659,497788851,275508430,1379874856,653883261,19586,6062288850,1762000
40,2000,89101,401600588,19542982,269611898,16394062,3089027,66097,287065982,37070774,3168523,58230,75055,19028802,8011566,8048600,6307659,10251250,6998023,11882888,129193327,8170172,711442,325014,4179350,9979610,240406,61833,8592656,175873720,264657,333926,587207,1726985,3759170,30685730,108447824,145306,15351799,1262645000,16799670,15091594,48616317,3134030,39215135,536758,458251,3979193,6582141,11105791,133860,39658,948237,10255063,82211508,742033,68346,5339616,8540791,30774621,1817006555,2499206970,2048148696,370646199,862786211,12626507,71371371,325792924,2392880,1396985,67031867,429342455,612628069,5176209,832509,60921384,45660,1272935,4077131,19665502,27741,8336967,1437539,1230849,684977,10805808,107432,56200,11589761,160188,759051,6665000,6656725,475127894,4468302,8360225,10210971,3980362565,5093905754,1113543189,370910722,214072421,742632467,75562,1059633675,3805174,65544383,24628858,281205,6289000,56942108,2612205,5056174,126843000,14883626,30851606,,12118841,88826,47008111,1934901,468125382,521281149,661430964,5017754094,2046026051,321037453,4635160614,283899110,312909974,1200179492,21437978,553089230,23367059,2035672,1020793420,250927,1406945493,5958482,671131355,671212486,30055791,1030496,8259137,1793649873,435816101,505304844,280976957,1406945493,671212486,20104,6144321462,1700000
41,2001,90691,412001885,19688632,277160097,16941587,3060173,67820,293512340,37480493,3133133,58324,76215,19274701,8042293,8111200,6465729,10286570,7212041,12249764,131670484,8009142,730257,329626,4194932,9928549,248100,62504,8746084,178211881,265377,340748,603234,1761930,3844773,31020902,107660041,146044,15523978,1271850000,17245468,15493253,50106657,3254101,39837875,547741,465958,4053222,6626803,11139127,129047,41054,964830,10216605,82349925,765490,68153,5358783,8669040,31200985,1834101877,2545843129,2066530023,370739184,863909133,12845521,72854261,326862028,2461927,1388115,69018932,429910140,626414685,5188008,841320,61367388,46245,1306590,4014373,20195577,27721,8445717,1479449,1257380,719270,10862132,107936,56350,11871565,161524,759809,6714300,6837861,488040621,4299642,8511728,10187576,4027427875,5168706338,1141278463,381142622,217112437,760135841,76398,1078970907,3866243,66674851,25425663,284968,6439000,56974100,2625405,5163310,127149000,14858335,31800343,,12338192,90531,47370164,1991674,474817217,528688278,677492970,5092597797,2060709239,327691655,4699673503,289544085,316052361,1209244377,21823886,568734640,23512522,2064193,1025680403,255049,1434314654,5988095,689080780,689161982,30514882,1041396,8538804,1810599718,435418872,512664811,286546301,1434314654,689161982,20657,6226348086,1701154
42,2002,91781,422741118,21000256,284952322,17516139,3051010,70849,300018650,37885028,3105037,58177,77195,19495210,8081957,8171950,6648938,10332785,7431783,12632269,134139826,7837161,748324,334002,4198410,9865548,255987,62912,8900583,180476685,266455,347463,619048,1795130,3930648,31360079,106959751,147167,15693790,1280400000,17683897,15914033,51662071,3331158,40454050,559047,473231,4122623,6671842,11170051,129205,42456,982194,10196916,82488495,789129,68262,5375931,8795101,31624696,1850472928,2591204247,2083969920,370807684,865474170,13070609,74393759,328443707,2547424,1379350,71073215,430898141,641818620,5200598,849891,61816234,46813,1341696,3978515,20758326,27892,8577790,1522223,1285678,754115,10902022,108231,56609,12147518,162563,760323,6744100,7019908,502494432,4302174,8661546,10158608,4073344085,5243283354,1169939269,390704440,220115092,779234829,77183,1098313039,3931947,67327117,26255343,287523,6570000,57059007,2638244,5275532,127445000,14858948,32779823,,12561779,92400,47644736,2047364,481353718,535935546,695099275,5167128185,2074581734,333949565,4762356287,294813993,319048184,1218395986,22208079,586023563,23638411,2091909,1030818658,259137,1462070145,6011275,707609717,707693440,30971830,1050809,8838369,1826844868,435070718,519865563,291738620,1462070145,707693440,21288,6308140970,1702310
43,2003,92701,433807484,22645130,292977949,18124342,3039616,73907,306573087,38278164,3084102,57941,78075,19720737,8121423,8234100,6860846,10376133,7659208,13030591,136503206,7775327,778256,338490,4183757,9796749,263998,63325,9057378,182629278,267499,354045,634627,1826863,4026841,31644028,106624167,148341,15859112,1288400000,18116451,16354326,53205639,3424653,41057687,570130,480089,4188610,6716747,11199217,131897,43862,1000350,10193998,82534176,806411,68442,5390574,8919852,32055883,1866240858,2635731526,2100610344,371072025,867701442,13301184,75963322,330208234,2653390,1370720,73168838,432434810,658026690,5213014,858306,62256970,47392,1378398,3951736,21329514,28301,8772254,1566257,1315653,789681,10928070,108740,56765,12415334,163385,760562,6730800,7201881,517663749,4303399,8812245,10129552,4118689510,5317576423,1198886913,399995493,223080121,798891420,77939,1117415123,3996521,67954699,27068823,289521,6689700,57313203,2651027,5396117,127718000,14909019,33767122,,12787710,94302,47892330,2101506,487688819,542976557,713279960,5241165329,2088091467,340215354,4823952498,300102895,321815286,1227425785,22590088,604077372,23781707,2119122,1035935060,263173,1489358080,6026849,726702652,726785433,31425957,1058797,9196366,1842469495,435154320,526861169,296947926,1489358080,726785433,21982,6389462496,1703466
44,2004,93540,445281555,23553551,301265247,18771125,3026939,76933,313249616,38668796,3065745,57626,78941,19932722,8171966,8306500,7120496,10421137,7894554,13445977,138789725,7716860,833451,343089,4142860,9730146,272128,63740,9216279,184722043,268505,360461,649991,1859085,4115138,31940655,106331716,149538,16017966,1296075000,18544903,16809407,54815607,3543012,41648268,581154,486583,4252800,6760372,11225294,134192,45286,1018684,10197101,82516260,818373,68574,5404523,9043127,32510186,1881561559,2680567394,2116651449,371533136,870270838,13534593,77522427,332006792,2763140,1362550,75301026,434059923,674005044,5228172,866694,62716306,47989,1417110,3927340,21906444,28716,8961039,1612225,1347009,826355,10955141,109516,56911,12682108,164004,760424,6783500,7383407,532571131,4304600,8961489,10107146,4164013241,5391795246,1227782005,409622323,225938595,818159682,78677,1136264583,4070262,69061674,27858948,292074,6809000,57685327,2664024,5532423,127761000,15012984,34791836,,13016371,96224,48082519,2153481,493917791,549897638,731086901,5315125594,2101411095,347044925,4885771219,305945780,324809693,1236496893,22986615,621974508,23948930,2146140,1041241254,267132,1515703001,6035655,746464327,746546802,31893127,1065764,9613503,1857622964,435471706,533741619,302709154,1515703001,746546802,22715,6470924346,1704622
45,2005,94483,457153837,24411191,309824829,19450959,3011487,79826,320558754,39070501,3047246,57254,79869,20176844,8227829,8391850,7388874,10478617,8149419,13876127,140912590,7658972,901921,347804,4094297,9663915,280375,64154,9377388,186797334,269477,366717,663323,1892807,4208834,32243753,106041911,150763,16175311,1303720000,18970215,17275171,56550247,3672839,42220940,592683,492827,4315887,6802474,11246114,137658,46727,1037062,10211216,82469422,830861,68674,5419432,9164768,32956690,1896788261,2725013738,2132517760,372077135,872913705,13770012,79075310,333709006,2831732,1354775,77469940,435600393,690401342,5246096,874923,63188395,48291,1458353,3902469,22496951,29155,9140114,1660368,1379713,864726,10987314,110254,56935,12948292,164430,759709,6813200,7564613,547936900,4310145,9111900,10087065,4208938572,5465994258,1257055686,419337831,228805144,837717855,79415,1154638713,4159914,70182594,28698684,296734,6930100,57969484,2676863,5678534,127773000,15147029,35843010,,13246583,98164,48184561,2235403,500076606,556739532,749189504,5389050292,2114895075,354462370,4947163680,311948573,327824506,1245447053,23450481,640493810,24100982,2172802,1046468599,271060,1541263909,6037817,766895808,766978666,32425757,1071886,10005012,1872697597,435872410,540553499,308628177,1541263909,766978666,23497,6552700448,1705780
46,2006,95606,469508516,25442944,318601484,20162340,2992547,80221,328703057,39476851,3026486,56837,80895,20450966,8268641,8484550,7658190,10547958,8402631,14316242,142628831,7601022,970981,352664,4058086,9604924,288729,64523,9542663,188820682,270425,372808,673260,1928704,4294352,32571174,105772481,151985,16334575,1311020000,19394057,17751333,58381630,3813323,42772910,604658,498884,4378172,6844183,11260630,141239,48177,1055438,10238905,82376451,846947,68742,5437272,9284168,33435080,1911721676,2769421149,2148405823,372780224,875627934,14009061,80629670,335250759,2880093,1346810,79691050,437014860,707149927,5266268,883083,63628261,48313,1502534,3880347,23098586,29587,9330625,1711294,1414091,905418,11020362,110988,56774,13213330,164675,758367,6857100,7745200,563930944,4311159,9266288,10071370,4252600296,5539726956,1287126660,429250772,231797427,857875888,80228,1172373788,4273591,71275760,28905607,303782,7053700,58143979,2689660,6075548,127854000,15308085,36925253,,13477779,100083,48438292,2363409,506094784,563424119,767538041,5462498035,2128519993,362633997,5007185008,317983066,331015609,1254649810,24035320,659115651,24235761,2199540,1052106032,274901,1565892885,6034436,788025400,788110000,33079043,1077735,10365614,1887496209,436426410,547224720,314576732,1565892885,788110000,24323,6635110367,1719536
47,2007,96787,482406426,25903301,327612838,20909684,2970017,78168,337498222,39876111,3004393,56383,82016,20827622,8295487,8581300,7944609,10625700,8647761,14757074,144135934,7545338,1040532,357666,4007876,9560953,297173,64888,9711152,190779453,271444,378748,681614,1966977,4375569,32889025,105378748,153225,16495538,1317885000,19817700,18251866,60289422,3956329,43306582,616899,504733,4440019,6884705,11269887,144056,49647,1073873,10298828,82266372,865196,68775,5461438,9402206,33983827,1926306467,2813790790,2164155292,373485209,878456268,14251835,82218755,336971054,2926168,1340680,81996185,438484072,723853346,5288720,890648,64021737,48361,1549774,3860158,23708320,29996,9547082,1764883,1450572,948814,11048473,111725,56555,13477017,164763,756521,6916300,7924462,579864063,4310217,9420826,10055780,4294824957,5612590218,1317765261,439576756,234858289,878188505,81100,1189691809,4398942,72319418,28660887,311566,7180100,58438310,2701221,6473457,128001000,15484192,38036793,,13714791,101998,48683638,2506769,511989821,569972223,785635469,5535250735,2142132712,371324802,5066239963,324080392,334185120,1263898853,24697686,677333522,24356506,2226078,1058252873,278178,1589454615,6044131,809934231,810019264,33808469,1084008,10722731,1901960228,436798968,553771247,320585896,1589454615,810019264,25191,6717567584,1733404
48,2008,97996,495748900,26427199,336893835,21691522,2947314,76055,346630443,40273769,2983421,55891,83251,21249199,8321496,8763400,8278109,10709973,8906469,15197915,145421318,7492561,1110343,362795,3943392,9527985,305671,65273,9880593,192672317,272635,384568,689737,2007320,4467233,33247118,105001883,154475,16661462,1324655000,20244449,18777081,62249724,4089602,43815313,629470,510336,4501921,6923924,11276609,145880,51123,1092390,10384603,82110097,882886,68782,5493621,9522948,34569592,1940768141,2857587007,2179914111,375012208,882088404,14496797,83844783,338599969,3005779,1337090,84357105,439892213,741306396,5313399,896731,64379696,48411,1599978,3848449,24326087,30398,9779785,1820542,1488431,994971,11077841,112478,56328,13739299,164725,754150,6957800,8101777,596301357,4309705,9575247,10038188,4338065967,5686534868,1348468901,450269469,237936543,898199432,81997,1206734806,4489544,73318394,29218381,317414,7308800,58826731,2711373,6632873,128063000,15776938,39186895,5318700,13943888,103966,49054708,2650930,517759389,576386180,803947600,5609097906,2156046215,380294099,5126457124,330293304,337406357,1273582053,25375277,697003893,24469047,2251506,1064631968,280558,1612709085,6068099,832555779,832642735,34550707,1089870,11098664,1916309337,437985547,560186837,326701327,1612709085,832642735,26115,6801440971,1747383
49,2009,99212,509410477,27385307,346475221,22507674,2927519,73852,355754908,40684338,2964296,55366,84534,21691653,8343323,8947243,8709366,10796493,9172514,15650022,146706810,7444443,1179453,368057,3877750,9504583,314171,65636,10051317,194517549,273791,390311,697678,2048997,4564540,33628895,104800475,155721,16833447,1331260000,20677762,19319274,64270232,4257230,44313917,642493,515638,4563127,6964240,11283185,146833,52602,1110974,10443936,81902307,901103,68787,5523095,9648061,35196037,1955042105,2901329923,2195169711,376867673,885659803,14742766,85501064,339682801,3083888,1334515,86755585,440934530,759795159,5338871,901383,64710879,48429,1653542,3814419,24950762,30819,10021323,1878119,1527196,1043686,11107017,113249,56323,14000190,164580,751258,6972800,8277302,613535903,4305181,9730638,10022650,4382047562,5761985631,1379938069,461410153,240981299,918527916,82915,1223640160,4535375,74322685,30289040,318499,7485600,59095365,2722401,6780493,128047000,16092822,40364444,5383300,14155740,105996,49307835,2795550,523473668,582738079,823002155,5684268515,2169857353,389332369,5187659372,336675037,340466060,1282495531,26013714,718121906,24581509,2276149,1070085408,282283,1636411632,6091188,855798400,855885698,35254103,1094886,11496128,1930470829,439691944,566539590,332985938,1636411632,855885698,27044,6885663352,1761474
50,2010,100341,523459657,28189672,356337762,23364185,2913021,71519,364427661,40788453,2946293,54849,85695,22031750,8363404,9054332,9126605,10895586,9445710,16116845,148391139,7395599,1213645,373272,3811088,9483836,322106,65124,10223270,196353492,274711,396053,705516,2091664,4660067,34004889,104421447,156933,17004162,1337705000,21120042,19878036,66391257,4437884,44816108,656024,521212,4622252,7004428,11290417,148703,54074,1129686,10474410,81776930,919199,68755,5547683,9775755,35856344,1969186913,2946285613,2210203758,379079046,889169629,14989585,87252413,340467048,3147727,1331475,89237791,441552554,778717407,5363352,905169,65030575,48410,1711105,3786695,25574719,31262,10270728,1937275,1567220,1094524,11121341,114039,56905,14259687,164905,747932,7024200,8450933,630953183,4295427,9842880,10000023,4425784776,5838720255,1412935479,473204510,244016173,939730969,83828,1240613620,4560155,75373855,31264875,318041,7623600,59277417,2733896,6931258,128070000,16321872,41517895,5447900,14363532,107995,49554112,2943356,528978305,588873862,842807198,5760811387,2182768187,397997557,5249914066,343313330,343397156,1290948297,26565994,739525992,24686435,2301401,1075046427,283788,1660546144,6114034,879707649,879797419,35871823,1099920,11894727,1944510719,441664138,572674666,339527169,1660546144,879797419,27556,6969985525,1775680
51,2011,101288,537792950,29249157,366489204,24259111,2905195,70567,372351065,41261490,2928976,54310,86729,22340024,8391643,9173082,9455733,11038264,9726380,16602651,150211005,7348328,1212077,377950,3743142,9461643,329538,64564,10396246,198185302,275486,401506,713331,2134037,4732022,34339328,104174038,157819,17173573,1345035000,21562914,20448873,68654269,4584216,45308899,670071,527521,4679926,7044357,11298710,150831,55492,1145086,10496088,80274983,936811,68742,5570572,9903737,36543541,1984267781,2991403487,2225992094,381328678,891329416,15237728,89200054,339722971,3207570,1327439,91817929,440769682,797785010,5388272,908355,65345233,48386,1772500,3756441,26205941,31701,10527712,1998212,1609017,1144588,11104899,114918,56890,14521515,165649,744230,7071600,8622504,648927117,4280622,9954312,9971727,4471184320,5917716358,1446532038,484919898,247099697,961612140,84350,1257621191,4580084,76342971,32378061,319014,7765800,59379449,2746169,7109980,127833000,16557202,42635144,5514600,14573885,109871,49936638,3143825,535014773,595510008,863421305,5839474111,2196512073,406045323,5313967782,349770162,345987373,1297593939,27072916,761717101,24783789,2327284,1077987051,285265,1684898004,6137349,904194713,904282154,36444557,1105371,12317730,1959494275,443820083,579334666,345887176,1684898004,904282154,27962,7054044372,1791000
52,2012,102112,552530654,30466479,376797999,25188292,2900401,71013,380383408,41733271,2914421,53691,87674,22733465,8429991,9295784,9795479,11106932,10014078,17113732,152090649,7305888,1224939,382061,3674374,9446836,337059,64798,10569697,199977707,276197,406634,721145,2175425,4773306,34714222,103935318,158621,17341771,1354190000,22010712,21032684,70997870,4713257,45782417,684553,533864,4736593,7088996,11309290,152088,56860,1156556,10510785,80425823,954297,68888,5591572,10030882,37260563,2001264155,3035159632,2243776727,383374474,894660467,15483883,91240376,340450693,3252596,1322696,94451280,441419873,817412582,5413971,911059,65662240,48392,1836705,3728874,26858762,32160,10788692,2061014,1652717,1193636,11045011,115912,56810,14781942,166392,743966,7150100,8792367,667520863,4267558,10108539,9920362,4518973677,5998432110,1479458433,495868522,250222695,983589911,84338,1274487215,4599533,77324451,33864447,320716,7910500,59539717,2759817,7211863,127629000,16792090,43725806,5607200,14786640,111618,50199853,3394663,541048298,602139396,884653995,5919873728,2212381413,414117603,5379871102,356239722,348656682,1305513492,27617274,784822780,24887770,2353058,1082488958,286584,1708706729,6161289,929240350,929328653,37059328,1111444,12754906,1976386829,445763231,585986944,352259724,1708706729,929328653,28421,7141386257,1807106
53,2013,102880,567892149,31541209,387204553,26147002,2895092,71367,389131555,42202935,2901385,52995,88497,23128129,8479823,9416801,10149577,11159407,10308730,17636408,154030139,7265115,1261673,385650,3617559,9443211,344688,65001,10743349,201721767,276865,411702,728889,2217278,4802428,35082954,103713726,159794,17509925,1363240000,22469268,21632850,73460021,4828066,46237930,699393,539940,4791535,7135884,11321579,153822,58212,1166968,10514272,80645605,971753,68819,5614932,10157051,38000626,2018068461,3078407213,2261274500,385623200,898607432,15722989,93377890,341584506,3296367,1317997,97084366,442496175,837410155,5438972,913453,66002289,48418,1902226,3717668,27525597,32411,11055430,2124869,1697753,1243941,10965211,116945,56483,15043981,167054,747420,7178900,8960657,686620331,4255689,10261206,9893082,4567977613,6079501853,1511524240,506443358,253275918,1005080882,84144,1291132063,4623816,78458928,35481800,323764,8059500,60233948,2773129,7694814,127445000,17035551,44792368,5719600,14999683,113311,50428893,3646518,546954103,608642242,906405074,6000646643,2228485037,422790409,5446810885,363310225,351207902,1313643972,28225790,808542070,25001819,2379069,1087230525,288032,1731683901,6185642,955006753,955096702,37740743,1118319,13216766,1993077336,447902778,592507619,359233517,1731683901,955096702,28657,7229303088,1818117
54,2014,103594,583651101,32716210,397855507,27128337,2889104,71621,397922915,42669500,2889930,52217,89236,23475686,8546356,9535079,10494913,11209057,10614844,18169842,155961299,7223938,1311134,389131,3571068,9448515,352335,65138,10916987,203459650,277493,416656,736357,2260376,4798734,35437435,103496179,160912,17687108,1371860000,22995555,22299585,76035588,4944861,46677947,714612,546076,4844288,7181044,11332026,155909,59559,1176995,10525347,80982500,989087,69371,5643475,10282115,38760168,2034264880,3121656203,2278232287,387912182,902670860,15957994,95592324,342725321,3323425,1314545,99746766,443601373,857018106,5461512,915560,66312067,48465,1966855,3719414,28196358,32452,11333365,2189019,1743309,1295183,10892413,117972,56295,15306316,167543,751115,7229500,9127846,706617213,4238389,10412740,9866468,4616584921,6160290229,1543705308,516900084,256229761,1026805224,83896,1307246509,4657740,79961672,36746488,327386,8215700,60789140,2784543,8658026,127276000,17288285,45831863,5835500,15210817,114985,50746659,3761584,552781789,615046755,928661685,6081160760,2244043359,431664579,5513458464,370756356,353888902,1322075502,28907552,832469778,25126131,2405308,1092179620,289873,1754030304,6209526,981415249,981506608,38493904,1125865,13697126,2009149689,450071285,598949385,366582958,1754030304,981506608,28971,7317040295,1812771
55,2015,104257,600008424,33753499,408690375,28127721,2880703,71746,406501999,43131966,2878595,51368,89941,23815995,8642699,9649341,10727148,11274196,10932783,18718019,157830000,7177991,1362142,392697,3524324,9461076,359871,65237,11090085,205188205,278083,421437,743274,2305171,4819333,35702908,103257886,162190,17870124,1379860000,23596741,23012646,78656904,5064386,47119728,730216,552166,4895242,7224602,11339894,157980,60911,1187280,10546059,81686611,1006259,70007,5683483,10405832,39543154,2049757846,3165214886,2294507020,390267733,906695444,16195902,97723799,343718279,3340006,1315407,102471895,444570054,876436311,5479531,917200,66548272,48816,2028517,3725276,28870939,32520,11625998,2253133,1788919,1346973,10820883,118980,56114,15567419,167978,755031,7291300,9294505,727129254,4203604,10563757,9843028,4663653202,6240231201,1576577999,527175885,259091970,1049402114,83593,1322866505,4701957,81790841,37757813,330815,8380100,60730582,2794445,9494246,127141000,17542806,46851488,5956900,15417523,116707,51014947,3908743,558562792,621390109,951184941,6160876270,2258406242,440506473,5578703242,378137339,356507139,1330315361,29621042,856420253,25258015,2431426,1097061415,291787,1775545180,6231066,1008605380,1008698799,39277070,1133936,14140274,2024511016,452273365,605335594,373867247,1775545180,1008698799,29366,7403850164,1788196
56,2016,104874,616377605,34636207,419778384,29154746,2876101,72540,415077960,43590368,2865835,50448,90564,24190907,8736668,9757812,10903327,11331422,11260085,19275498,159784568,7127822,1409661,395976,3480986,9469379,367313,64554,11263015,206859578,278649,425994,749761,2352416,4904177,36109487,102994278,163721,18083879,1387790000,24213622,23711630,81430977,5186824,47625955,746232,558394,4945205,7265272,11342012,159664,62255,1197881,10566332,82348669,1023261,70075,5728010,10527592,40339329,2065173002,3208369547,2310721864,392579664,910633273,16439585,99784030,344683796,3365287,1315790,105293228,445515422,896272698,5495303,918371,66724104,49500,2086206,3727505,29554303,32565,11930985,2317206,1834552,1398927,10775971,119966,56186,15827690,168346,759087,7336600,9460798,748356635,4174349,10713849,9814023,4709004177,6319805369,1610801192,537358412,261850182,1073442780,83450,1338636340,4755335,83306231,38697943,335439,8546000,60627498,2802695,9964656,127076000,17794055,47894670,6079500,15624584,118513,51217803,4048085,564377885,627668470,974516186,6240319049,2272340223,448917409,5642635550,385054538,359245796,1338790910,30309997,880891473,25389611,2457814,1102020063,293541,1797072648,6250510,1036061312,1036155989,40033083,1142524,14592585,2039794828,454426367,611668087,380687450,1797072648,1036155989,29739,7490415449,1777557
57,2017,105439,632746570,35643418,431138704,30208628,2873457,73837,423664839,44044811,2851923,49463,91119,24592588,8797566,9854033,11155593,11375158,11596779,19835858,161793964,7075947,1456834,399020,3440027,9458989,374693,63873,11435533,208504960,279187,430276,756121,2401840,4996741,36545236,102740078,165215,18368577,1396215000,24848016,24393181,84283273,5312340,48351671,761664,564954,4993842,7303634,11336405,160175,63581,1208523,10594438,82657002,1040233,70403,5764980,10647244,41136546,2080919319,3250752755,2327132966,394705361,914078289,16696944,101789386,345370612,3396933,1317384,108197950,446215182,916427867,5508214,919019,66918020,50230,2140215,3728004,30222262,32602,12240789,2381182,1879826,1450694,10754679,120921,56172,16087418,168606,763252,7393200,9626842,770390212,4124531,10863543,9787966,4753252242,6399653365,1646401123,547984961,264498852,1098416162,83580,1354195680,4807388,84505076,39621162,343400,8713300,60536709,2808376,10215381,126972000,18037776,48948137,6198200,15830689,120362,51361911,4124904,570381211,633797190,998532743,6320334263,2286627723,456885486,5706387405,391607422,361731237,1346867343,30940313,905987912,25516321,2484263,1106212920,295450,1818931519,6266654,1063789431,1063885274,40728210,1151390,15085884,2055414680,456393433,617875842,387152617,1818931519,1063885274,30060,7576441961,1791003
58,2018,105962,649757148,36686784,442646825,31273533,2866376,75013,432545676,44494502,2836557,48424,91626,24963258,8840521,9939771,11493472,11427054,11940683,20392723,163683958,7025037,1487340,401906,3400129,9438785,382066,63918,11606905,210166592,279688,434274,762096,2451409,5094780,37065084,102538451,167259,18701450,1402760000,25493988,25076747,87087355,5441062,49276961,776313,571202,5040734,7374650,11328244,159336,64884,1218831,10629928,82905782,1057198,70823,5793636,10765531,41927007,2094524854,3292896609,2341383691,396674671,917380453,17015672,103740765,346153001,3445374,1321977,111129438,447001100,936721531,5515525,918996,67158348,50955,2192012,3726549,30870641,32648,12554864,2444916,1924955,1502091,10732882,121838,56023,16346950,168678,785514,7452600,9792850,792615894,4087843,11012421,9775564,4794555928,6477695468,1683139540,559155599,267066843,1123983941,83775,1369003306,4867316,85617562,40590700,352721,8882800,60421760,2811835,10459865,126811000,18276452,49953304,6322800,16025238,122261,51585058,4317185,576620516,639628226,1022731692,6399036689,2298987594,465073490,5768170863,398375344,363967201,1354836308,31494491,931467165,25638149,2510226,1110123356,297606,1840534093,6276342,1092307211,1092403973,41379367,1160428,15604210,2068898629,458211234,623841282,393806257,1840534093,1092403973,30335,7660371127,1797085
59,2019,106442,667242986,37769499,454306063,32353588,2854191,76343,441467739,44938712,2820602,47321,92117,25334826,8879920,10024283,11874838,11488980,12290444,20951639,165516222,6975761,1494188,404557,3360711,9419758,389095,63911,11777315,211782878,280180,438048,767459,2499702,5209324,37601230,102398537,169410,19039485,1407745000,26147551,25782341,89906890,5570733,50187406,790986,577030,5084532,7424102,11316697,157441,66134,1228836,10671870,83092962,1073994,71428,5814422,10881882,42705368,2106391925,3334561751,2353856866,398690076,920277481,17343740,105618671,346517987,3498818,1326898,114120594,447367191,957785553,5521606,918465,67388001,51681,2242785,3720161,31522290,32685,12877539,2508883,1970457,1553031,10721582,122724,56225,16604026,168624,798753,7507900,9958829,815100831,4065253,11160438,9771141,4832928887,6553978299,1721049412,570633332,269582878,1150416080,83933,1383112050,4934340,86564202,41563520,360563,9054000,59729081,2813773,10698683,126633000,18513673,50951450,6456200,16207746,124241,51764822,4441100,582701622,645295804,1047426093,6476092964,2309491804,473201775,5827337512,405259403,365995094,1362014902,32005477,957503246,25755441,2536070,1113305347,299717,1861598514,6280217,1121451424,1121549049,41965649,1169613,16126866,2080648616,460092452,629515571,400574097,1861598514,1121549049,30610,7741774583,1788878
60,2020,106585,685112979,38972230,466189102,33428486,2837849,77700,449228296,45376763,2805608,46189,92664,25649248,8916864,10093121,12220227,11538604,12643123,21522626,167420951,6934015,1477469,406471,3318407,9379952,394921,63893,11936162,213196304,280693,441725,772506,2546402,5343020,38007166,102180124,171113,19300315,1411100000,26811790,26491087,92853164,5702174,50930662,806166,582640,5123105,7444768,11300698,154947,67311,1237537,10697858,83160871,1090156,71995,5831404,10999664,43451666,2116378687,3374383528,2363934334,400061023,922353365,17588595,107465134,346961127,3555868,1329522,117190911,447692315,979763631,5529543,920422,67571107,52415,2292573,3722716,32180401,32709,13205153,2573995,2015828,1596049,10698599,123663,56367,16858333,169231,797202,7481000,10121763,838066650,4047680,11306801,9750149,4867091692,6627317499,1760225807,582637127,271857970,1177588680,84046,1396387127,4985382,87290193,42556984,366463,9215100,59438851,2820436,10928721,126261000,18755666,51985780,6579900,16396860,126463,51836239,4360444,588011178,650534986,1072970944,6549996251,2317277554,479966649,5882942581,411810124,369582571,1369465369,32381464,984213438,25867467,2566819,1117418072,301920,1882531620,6292731,1151203619,1151302081,42393051,1180655,16644701,2090523535,461273023,634680385,407006855,1882531620,1151302081,30910,7820205606,1790133
61,2021,106537,702977106,40099462,478185907,34503774,2811666,79034,456520777,45808747,2790974,45035,93219,25685412,8955797,10137750,12551213,11586195,12996895,22100683,169356251,6877743,1463265,407906,3270943,9302585,400031,63764,12079472,214326223,281200,445373,777486,2588423,5457154,38226498,101413176,172683,19493184,1412360000,27478249,27198628,95894118,5835806,51516562,821625,587925,5153957,7481877,11256372,152369,68136,1244188,10505772,83196078,1105557,72412,5856733,11117873,44177969,2123628421,3411268373,2370189840,401682855,923564027,17797737,109262178,346942979,3620312,1330932,120283026,447178112,1001844479,5541017,924610,67764304,52889,2341179,3708610,32833031,32669,13531906,2639916,2060721,1634466,10569207,124610,56653,17109746,170534,804567,7413100,10278345,861156745,3879000,11447569,9709891,4895372787,6695487825,1800115038,595016031,273753191,1205099007,84263,1407563842,5033164,87923432,43533592,372520,9371400,59133173,2827695,11148278,125681593,19000988,53005614,6773400,16589023,128874,51744876,4250114,592503434,654980630,1098791080,6618837270,2322606486,486174763,5933587229,418047201,370321816,1371917156,32708277,1011043183,25971909,2602173,1116569892,304032,1901911604,6314167,1181063755,1181163013,42792327,1192271,17179740,2097669023,462431038,639188695,413124452,1901911604,1181163013,31122,7888305693,1786038
62,2022,106445,720859132,41128771,490330870,35588987,2777689,79824,464684914,46234830,2780469,44273,93763,26005540,9041851,10141756,12889576,11685814,13352864,22673762,171186372,6465097,1472233,409984,3233526,9228071,405272,63532,12224110,215313498,281635,449002,782455,2630296,5579144,38929902,100108221,174079,19603733,1412175000,28160542,27914536,99010212,5970424,51874024,836774,593149,5180829,7505478,11212191,149996,68706,1251488,10672118,83797985,1120849,72737,5903037,11228821,44903225,2129112126,3447398652,2375162207,397824705,920375568,18001000,110990103,348331511,3684032,1348840,123379924,447370510,1019139254,5556106,929766,67971311,53090,2388992,3712502,33475870,32649,13859341,2705992,2105566,1674908,10426919,125438,56661,17357886,171774,808726,7346100,10432860,884288332,3855600,11584996,9643048,4913887020,6754029970,1840142950,607735968,275501339,1232406982,84519,1417173173,5127170,88550570,44496122,382003,9557500,58940425,2827377,11285869,125124989,19621972,54027487,6974900,16767842,131232,51628117,4268873,596596955,659310564,1124396999,6678280291,2325542891,493279469,5974552342,424328381,372280991,1376606817,33169026,1038012552,26069416,2639019,1113495082,306279,1919348000,6336392,1211070124,1211190002,43313523,1201670,17723315,2103055378,457549063,643602758,419284769,1919348000,1211190002,31305,7950946801,1761985
